,model,prior,duplicates_level,distortion_level,precision,recall,f1score,date
0,Both,BNBD4,High,High,0.9950284,0.8465257,0.9147894,Wed_Mar__6_22_03_27_2024
1,Both,BNBD4,High,High,0.9925453,0.844713,0.9126816,Thu_Mar__7_08_20_15_2024
2,Both,BNBD4,High,High,0.9942969,0.8427492,0.9122721,Mon_Feb_12_10_11_16_2024
3,Both,BNBD4,High,High,0.9925453,0.844713,0.9126816,Wed_Mar__6_22_03_43_2024
4,Both,BNBD4,High,High,0.9937722,0.8436556,0.9125817,Thu_Mar__7_14_27_15_2024
5,Both,BNBD4,High,High,0.994485,0.8444109,0.9133241,Thu_Mar__7_15_13_49_2024
6,Both,BNBD4,High,High,0.9937844,0.8453172,0.9135581,Wed_Mar__6_22_28_52_2024
7,Both,BNBD4,High,High,0.9928826,0.8429003,0.9117647,Wed_Mar_13_00_48_39_2024
8,Both,BNBD4,High,High,0.9921778,0.8430514,0.9115557,Thu_Mar_14_08_13_25_2024
9,Both,BNBD4,High,High,0.9923772,0.8456193,0.9131392,Wed_Mar__6_22_29_18_2024
10,Both,BNBD4,High,Low,1.0,0.9509463,0.9748564,Wed_Mar__6_22_03_15_2024
11,Both,BNBD4,High,Low,1.0,0.9512491,0.9750155,Thu_Mar__7_08_20_01_2024
12,Both,BNBD4,High,Low,1.0,0.9504921,0.9746177,Thu_Mar__7_14_27_04_2024
13,Both,BNBD4,High,Low,0.9998409,0.9515519,0.9750989,Mon_Feb_12_10_11_08_2024
14,Both,BNBD4,High,Low,1.0,0.9509463,0.9748564,Wed_Mar__6_22_03_28_2024
15,Both,BNBD4,High,Low,0.9998409,0.9515519,0.9750989,Wed_Mar__6_22_28_33_2024
16,Both,BNBD4,High,Low,1.0,0.9509463,0.9748564,Thu_Mar__7_15_13_41_2024
17,Both,BNBD4,High,Low,1.0,0.9498864,0.9742992,Fri_Mar__8_00_49_50_2024
18,Both,BNBD4,High,Low,1.0,0.9512491,0.9750155,Thu_Mar_14_08_13_02_2024
19,Both,BNBD4,High,Low,1.0,0.9510977,0.974936,Wed_Mar__6_22_28_54_2024
20,Both,BNBD4,Low,High,0.9204545,0.7751196,0.8415584,Thu_Mar__7_08_20_07_2024
21,Both,BNBD4,Low,High,0.9217877,0.7894737,0.8505155,Wed_Mar__6_22_03_20_2024
22,Both,BNBD4,Low,High,0.9213483,0.784689,0.8475452,Thu_Mar__7_14_27_06_2024
23,Both,BNBD4,Low,High,0.9213483,0.784689,0.8475452,Wed_Mar__6_22_03_32_2024
24,Both,BNBD4,Low,High,0.9213483,0.784689,0.8475452,Mon_Feb_12_10_11_12_2024
25,Both,BNBD4,Low,High,0.9213483,0.784689,0.8475452,Wed_Mar__6_22_28_45_2024
26,Both,BNBD4,Low,High,0.9222222,0.7942584,0.8534704,Thu_Mar__7_15_13_42_2024
27,Both,BNBD4,Low,High,0.9217877,0.7894737,0.8505155,Fri_Mar__8_00_49_58_2024
28,Both,BNBD4,Low,High,0.9222222,0.7942584,0.8534704,Wed_Mar_13_00_48_31_2024
29,Both,BNBD4,Low,High,0.920904,0.7799043,0.8445596,Thu_Mar_14_08_13_17_2024
30,Both,BNBD4,Low,Low,0.980198,0.9519231,0.9658537,Thu_Mar__7_08_19_52_2024
31,Both,BNBD4,Low,Low,0.9705882,0.9519231,0.961165,Wed_Mar__6_22_03_09_2024
32,Both,BNBD4,Low,Low,0.9753695,0.9519231,0.9635036,Thu_Mar__7_14_26_58_2024
33,Both,BNBD4,Low,Low,0.9753695,0.9519231,0.9635036,Mon_Feb_12_10_11_04_2024
34,Both,BNBD4,Low,Low,0.9753695,0.9519231,0.9635036,Wed_Mar__6_22_03_23_2024
35,Both,BNBD4,Low,Low,0.980198,0.9519231,0.9658537,Thu_Mar__7_15_13_35_2024
36,Both,BNBD4,Low,Low,0.9753695,0.9519231,0.9635036,Wed_Mar__6_22_28_30_2024
37,Both,BNBD4,Low,Low,0.9752475,0.9471154,0.9609756,Thu_Mar_14_08_12_59_2024
38,Both,BNBD4,Low,Low,0.9850746,0.9519231,0.9682152,Wed_Mar_13_00_48_19_2024
39,Both,BNBD4,Low,Low,0.985,0.9471154,0.9656863,Fri_Mar_15_23_36_52_2024
40,Both,BNBD4,Medium,High,0.9639738,0.8168363,0.8843265,Thu_Mar__7_08_20_03_2024
41,Both,BNBD4,Medium,High,0.9689034,0.8214616,0.8891114,Wed_Mar__6_22_03_24_2024
42,Both,BNBD4,Medium,High,0.9652928,0.8233117,0.888667,Wed_Mar__6_22_03_40_2024
43,Both,BNBD4,Medium,High,0.9601293,0.8242368,0.8870085,Mon_Feb_12_10_11_13_2024
44,Both,BNBD4,Medium,High,0.9631835,0.8228492,0.8875031,Thu_Mar__7_14_27_14_2024
45,Both,BNBD4,Medium,High,0.9619151,0.8177613,0.884,Wed_Mar__6_22_28_47_2024
46,Both,BNBD4,Medium,High,0.963587,0.820074,0.886057,Thu_Mar__7_15_13_46_2024
47,Both,BNBD4,Medium,High,0.9677419,0.8186864,0.8869957,Fri_Mar__8_00_50_02_2024
48,Both,BNBD4,Medium,High,0.9677419,0.8186864,0.8869957,Fri_Mar_15_23_37_10_2024
49,Both,BNBD4,Medium,High,0.966286,0.8219241,0.8882779,Wed_Mar_13_00_48_35_2024
50,Both,BNBD4,Medium,Low,0.9990319,0.9595537,0.9788949,Thu_Mar__7_08_19_53_2024
51,Both,BNBD4,Medium,Low,0.9966118,0.9572292,0.9765236,Wed_Mar__6_22_03_12_2024
52,Both,BNBD4,Medium,Low,0.9966167,0.9586239,0.9772512,Thu_Mar__7_14_27_01_2024
53,Both,BNBD4,Medium,Low,0.9971,0.9590888,0.9777251,Mon_Feb_12_10_11_06_2024
54,Both,BNBD4,Medium,Low,0.996139,0.9595537,0.9775041,Wed_Mar__6_22_03_25_2024
55,Both,BNBD4,Medium,Low,0.997093,0.9567643,0.9765125,Thu_Mar__7_15_13_38_2024
56,Both,BNBD4,Medium,Low,0.9966134,0.9576941,0.9767662,Wed_Mar__6_22_28_32_2024
57,Both,BNBD4,Medium,Low,0.9980601,0.9567643,0.976976,Wed_Mar_13_00_48_21_2024
58,Both,BNBD4,Medium,Low,0.9966184,0.9590888,0.9774935,Fri_Mar_15_23_36_55_2024
59,Both,BNBD4,Medium,Low,0.9975763,0.9567643,0.9767442,Wed_Mar__6_22_28_53_2024
60,Both,BNBD4,Very High,High,0.9977416,0.8253269,0.9033813,Thu_Mar__7_08_20_16_2024
61,Both,BNBD4,Very High,High,0.9974185,0.8249266,0.9030091,Wed_Mar__6_22_03_31_2024
62,Both,BNBD4,Very High,High,0.996467,0.8279957,0.904453,Mon_Feb_12_10_11_17_2024
63,Both,BNBD4,Very High,High,0.9967773,0.8254604,0.9030657,Thu_Mar__7_14_27_18_2024
64,Both,BNBD4,Very High,High,0.9972629,0.8265279,0.9039037,Wed_Mar__6_22_03_46_2024
65,Both,BNBD4,Very High,High,0.9961402,0.8265279,0.9034422,Thu_Mar__7_15_13_51_2024
66,Both,BNBD4,Very High,High,0.9967949,0.8299973,0.9057813,Wed_Mar__6_22_28_55_2024
67,Both,BNBD4,Very High,High,0.9961209,0.8223912,0.9009575,Thu_Mar_14_08_13_30_2024
68,Both,BNBD4,Very High,High,0.9953271,0.8242594,0.9017518,Wed_Mar__6_22_29_16_2024
69,Both,BNBD4,Very High,High,0.9983884,0.8266613,0.9044456,Fri_Mar__8_00_50_09_2024
70,Both,BNBD4,Very High,Low,1.0,0.9540966,0.9765092,Thu_Mar__7_08_20_04_2024
71,Both,BNBD4,Very High,Low,1.0,0.9538297,0.9763693,Wed_Mar__6_22_03_17_2024
72,Both,BNBD4,Very High,Low,1.0,0.9538297,0.9763693,Wed_Mar__6_22_03_32_2024
73,Both,BNBD4,Very High,Low,1.0,0.9542301,0.976579,Mon_Feb_12_10_11_11_2024
74,Both,BNBD4,Very High,Low,1.0,0.9534294,0.9761596,Thu_Mar__7_14_27_08_2024
75,Both,BNBD4,Very High,Low,1.0,0.9542301,0.976579,Thu_Mar__7_15_13_41_2024
76,Both,BNBD4,Very High,Low,1.0,0.9534294,0.9761596,Wed_Mar__6_22_28_35_2024
77,Both,BNBD4,Very High,Low,1.0,0.9542301,0.976579,Wed_Mar__6_22_28_58_2024
78,Both,BNBD4,Very High,Low,1.0,0.9542301,0.976579,Fri_Mar__8_00_49_52_2024
79,Both,BNBD4,Very High,Low,1.0,0.953296,0.9760896,Thu_Mar_14_08_13_06_2024
80,Both,Pitman,High,High,0.9986755,0.6833837,0.8114798,Sat_Mar__9_05_49_38_2024
81,Both,Pitman,High,High,0.9991135,0.6809668,0.8099174,Wed_Mar_13_00_37_23_2024
82,Both,Pitman,High,High,0.9991139,0.6812689,0.8101311,Wed_Mar__6_21_53_26_2024
83,Both,Pitman,High,High,0.9991121,0.6799094,0.8091685,Wed_Mar_13_00_38_01_2024
84,Both,Pitman,High,High,0.9986696,0.6803625,0.8093441,Tue_Feb_20_10_04_18_2024
85,Both,Pitman,High,High,0.9986726,0.6818731,0.8104129,Wed_Mar__6_21_54_00_2024
86,Both,Pitman,High,High,0.9986708,0.6809668,0.8097719,Mon_Mar_18_01_22_03_2024
87,Both,Pitman,High,High,0.9986729,0.6820242,0.8105197,Mon_Mar_18_01_21_42_2024
88,Both,Pitman,High,High,0.9991121,0.6799094,0.8091685,Mon_Mar_18_01_21_34_2024
89,Both,Pitman,High,High,0.9991129,0.6805136,0.8095965,Mon_Mar_18_01_21_54_2024
90,Both,Pitman,High,Low,1.0,0.9526117,0.9757308,Wed_Mar__6_21_53_11_2024
91,Both,Pitman,High,Low,1.0,0.9512491,0.9750155,Sat_Mar__9_05_49_17_2024
92,Both,Pitman,High,Low,1.0,0.9495836,0.9741399,Fri_Mar_15_14_59_15_2024
93,Both,Pitman,High,Low,1.0,0.9523089,0.9755719,Wed_Mar_13_00_37_04_2024
94,Both,Pitman,High,Low,1.0,0.9518547,0.9753335,Wed_Mar__6_21_53_32_2024
95,Both,Pitman,High,Low,1.0,0.9506435,0.9746973,Sun_Mar_10_05_58_21_2024
96,Both,Pitman,High,Low,1.0,0.9533687,0.9761277,Mon_Feb_12_10_05_42_2024
97,Both,Pitman,High,Low,1.0,0.9520061,0.975413,Wed_Mar_13_00_37_33_2024
98,Both,Pitman,High,Low,1.0,0.9503407,0.9745381,Mon_Mar_18_01_20_49_2024
99,Both,Pitman,High,Low,1.0,0.9510977,0.974936,Mon_Mar_18_01_20_22_2024
100,Both,Pitman,Low,High,0.9733333,0.6985646,0.8133705,Wed_Mar__6_21_53_19_2024
101,Both,Pitman,Low,High,0.9863014,0.6889952,0.8112676,Wed_Mar_13_00_37_09_2024
102,Both,Pitman,Low,High,0.9863946,0.6937799,0.8146067,Sat_Mar__9_05_49_28_2024
103,Both,Pitman,Low,High,0.9863946,0.6937799,0.8146067,Tue_Feb_20_10_04_15_2024
104,Both,Pitman,Low,High,0.9731544,0.6937799,0.8100559,Wed_Mar_13_00_37_47_2024
105,Both,Pitman,Low,High,0.9733333,0.6985646,0.8133705,Wed_Mar__6_21_53_45_2024
106,Both,Pitman,Low,High,1.0,0.75,0.8571429,Wed_Mar__6_23_30_26_2024
107,Both,Pitman,Low,High,1.0,0.7333333,0.8461538,Wed_Mar__6_21_53_38_2024
108,Both,Pitman,Low,High,1.0,0.7333333,0.8461538,Wed_Mar_13_02_57_48_2024
109,Both,Pitman,Low,High,1.0,0.7333333,0.8461538,Wed_Mar_13_00_37_26_2024
110,Both,Pitman,Low,Low,0.9754902,0.9567308,0.9660194,Sat_Mar__9_05_49_09_2024
111,Both,Pitman,Low,Low,0.9754902,0.9567308,0.9660194,Wed_Mar_13_00_36_56_2024
112,Both,Pitman,Low,Low,0.9707317,0.9567308,0.9636804,Fri_Mar_15_14_59_12_2024
113,Both,Pitman,Low,Low,0.9754902,0.9567308,0.9660194,Wed_Mar__6_21_53_03_2024
114,Both,Pitman,Low,Low,0.9756098,0.9615385,0.968523,Wed_Mar_13_00_37_19_2024
115,Both,Pitman,Low,Low,0.9754902,0.9567308,0.9660194,Mon_Feb_19_22_27_39_2024
116,Both,Pitman,Low,Low,0.9802956,0.9567308,0.9683698,Wed_Mar__6_21_53_25_2024
117,Both,Pitman,Low,Low,0.9836066,0.952381,0.9677419,Wed_Mar_13_00_37_09_2024
118,Both,Pitman,Low,Low,0.9836066,0.952381,0.9677419,Wed_Mar__6_23_30_16_2024
119,Both,Pitman,Low,Low,0.9677419,0.952381,0.96,Wed_Mar__6_21_53_28_2024
120,Both,Pitman,Medium,High,0.9853316,0.7146161,0.8284182,Wed_Mar_13_00_37_18_2024
121,Both,Pitman,Medium,High,0.9847036,0.7146161,0.8281962,Wed_Mar__6_21_53_22_2024
122,Both,Pitman,Medium,High,0.9821996,0.7146161,0.8273092,Sat_Mar__9_05_49_33_2024
123,Both,Pitman,Medium,High,0.9866327,0.7169288,0.8304313,Wed_Mar_13_00_37_55_2024
124,Both,Pitman,Medium,High,0.9846939,0.7141536,0.827882,Wed_Mar__6_21_53_43_2024
125,Both,Pitman,Medium,High,0.9815169,0.7123034,0.8255159,Tue_Feb_20_10_04_17_2024
126,Both,Pitman,Medium,High,0.9871959,0.7132285,0.8281418,Mon_Mar_18_01_07_20_2024
127,Both,Pitman,Medium,High,0.9852659,0.7113784,0.8262154,Mon_Mar_18_01_25_25_2024
128,Both,Pitman,Medium,High,0.9859245,0.712766,0.8273826,Mon_Mar_18_01_20_51_2024
129,Both,Pitman,Medium,High,0.9808917,0.7123034,0.8252947,Mon_Mar_18_01_07_14_2024
130,Both,Pitman,Medium,Low,0.9956289,0.9530451,0.9738717,Fri_Mar_15_14_59_13_2024
131,Both,Pitman,Medium,Low,0.9941776,0.9525802,0.9729345,Wed_Mar__6_21_53_07_2024
132,Both,Pitman,Medium,Low,0.995614,0.9497908,0.9721627,Wed_Mar_13_00_37_02_2024
133,Both,Pitman,Medium,Low,0.9937016,0.95351,0.973191,Sat_Mar__9_05_49_12_2024
134,Both,Pitman,Medium,Low,0.9941776,0.9525802,0.9729345,Mon_Feb_12_10_05_39_2024
135,Both,Pitman,Medium,Low,0.9951433,0.9525802,0.9733967,Sun_Mar_10_05_58_16_2024
136,Both,Pitman,Medium,Low,0.9946472,0.9502557,0.9719448,Wed_Mar__6_21_53_26_2024
137,Both,Pitman,Medium,Low,0.9932203,0.95351,0.9729602,Wed_Mar_13_00_37_23_2024
138,Both,Pitman,Medium,Low,0.9978402,0.9333333,0.9645094,Wed_Mar__6_21_53_31_2024
139,Both,Pitman,Medium,Low,1.0,0.9272727,0.9622642,Wed_Mar_13_00_37_12_2024
140,Both,Pitman,Very High,High,0.9997999,0.6666667,0.799936,Wed_Mar_13_00_37_27_2024
141,Both,Pitman,Very High,High,0.9986017,0.667067,0.79984,Sat_Mar__9_05_49_43_2024
142,Both,Pitman,Very High,High,0.9984038,0.6677342,0.8002559,Wed_Mar__6_21_53_30_2024
143,Both,Pitman,Very High,High,0.9988002,0.6665332,0.7995198,Tue_Feb_20_10_04_21_2024
144,Both,Pitman,Very High,High,0.9979996,0.6657326,0.7986873,Wed_Mar_13_00_38_06_2024
145,Both,Pitman,Very High,High,0.997998,0.6651988,0.7983025,Wed_Mar__6_21_54_06_2024
146,Both,Pitman,Very High,High,0.9980004,0.6659995,0.7988796,Mon_Mar_18_01_24_18_2024
147,Both,Pitman,Very High,High,0.9986045,0.6684014,0.8007994,Mon_Mar_18_01_24_51_2024
148,Both,Pitman,Very High,High,0.9988022,0.6676007,0.8002879,Mon_Mar_18_01_24_46_2024
149,Both,Pitman,Very High,High,0.9985966,0.6646651,0.7981093,Mon_Mar_18_01_24_26_2024
150,Both,Pitman,Very High,Low,1.0,0.9552976,0.9771378,Sat_Mar__9_05_49_23_2024
151,Both,Pitman,Very High,Low,1.0,0.9550307,0.9769982,Fri_Mar_15_14_59_25_2024
152,Both,Pitman,Very High,Low,1.0,0.9542301,0.976579,Wed_Mar__6_21_53_11_2024
153,Both,Pitman,Very High,Low,1.0,0.9536963,0.9762994,Wed_Mar_13_00_37_09_2024
154,Both,Pitman,Very High,Low,1.0,0.9550307,0.9769982,Wed_Mar_13_00_37_38_2024
155,Both,Pitman,Very High,Low,1.0,0.9542301,0.976579,Sun_Mar_10_05_58_22_2024
156,Both,Pitman,Very High,Low,1.0,0.9556979,0.9773472,Wed_Mar__6_21_53_39_2024
157,Both,Pitman,Very High,Low,1.0,0.955431,0.9772076,Mon_Feb_12_10_05_45_2024
158,Both,Pitman,Very High,Low,1.0,0.9542301,0.976579,Mon_Mar_18_01_22_32_2024
159,Both,Pitman,Very High,Low,1.0,0.9560982,0.9775564,Mon_Mar_18_01_22_23_2024
160,Both,Uniform,High,High,0.997228,0.8694864,0.9289864,Wed_Mar__6_21_58_31_2024
161,Both,Uniform,High,High,0.9982675,0.8703927,0.9299548,Fri_Mar__8_12_05_18_2024
162,Both,Uniform,High,High,0.9977446,0.8687311,0.9287791,Fri_Mar__8_10_50_18_2024
163,Both,Uniform,High,High,0.9977474,0.8697885,0.9293842,Wed_Mar__6_21_58_42_2024
164,Both,Uniform,High,High,0.9974035,0.8703927,0.9295797,Tue_Feb_20_10_09_05_2024
165,Both,Uniform,High,High,0.9972266,0.8690332,0.9287271,Fri_Mar__8_15_21_47_2024
166,Both,Uniform,High,High,0.997747,0.8696375,0.9292978,Wed_Mar__6_22_26_31_2024
167,Both,Uniform,High,High,0.9972347,0.8716012,0.9301951,Thu_Mar_14_17_53_06_2024
168,Both,Uniform,High,High,0.9972294,0.8699396,0.9292457,Wed_Mar__6_22_26_13_2024
169,Both,Uniform,High,High,0.9972309,0.8703927,0.9295048,Wed_Mar_13_00_44_03_2024
170,Both,Uniform,High,Low,1.0,0.949735,0.9742196,Fri_Mar__8_12_05_03_2024
171,Both,Uniform,High,Low,1.0,0.9492808,0.9739806,Wed_Mar__6_21_58_18_2024
172,Both,Uniform,High,Low,1.0,0.9491294,0.9739009,Mon_Feb_12_10_08_27_2024
173,Both,Uniform,High,Low,1.0,0.9500379,0.9743789,Wed_Mar__6_21_58_27_2024
174,Both,Uniform,High,Low,1.0,0.9507949,0.9747769,Fri_Mar__8_10_50_01_2024
175,Both,Uniform,High,Low,1.0,0.9510977,0.974936,Wed_Mar__6_22_26_09_2024
176,Both,Uniform,High,Low,1.0,0.9507949,0.9747769,Fri_Mar__8_15_21_30_2024
177,Both,Uniform,High,Low,1.0,0.9498864,0.9742992,Wed_Mar_13_00_43_45_2024
178,Both,Uniform,High,Low,1.0,0.9501893,0.9744585,Thu_Mar__7_18_21_06_2024
179,Both,Uniform,High,Low,1.0,0.9486752,0.9736617,Wed_Mar__6_22_26_03_2024
180,Both,Uniform,Low,High,0.3234201,0.8325359,0.4658635,Wed_Mar__6_21_58_25_2024
181,Both,Uniform,Low,High,0.3075571,0.8373206,0.4498715,Fri_Mar__8_12_05_11_2024
182,Both,Uniform,Low,High,0.3157895,0.8325359,0.4578947,Wed_Mar__6_21_58_34_2024
183,Both,Uniform,Low,High,0.3228782,0.8373206,0.4660453,Fri_Mar__8_10_50_10_2024
184,Both,Uniform,Low,High,0.3211009,0.8373206,0.464191,Tue_Feb_20_10_09_01_2024
185,Both,Uniform,Low,High,0.3229358,0.8421053,0.4668435,Wed_Mar__6_22_26_19_2024
186,Both,Uniform,Low,High,0.3102837,0.8373206,0.4527814,Fri_Mar__8_15_21_38_2024
187,Both,Uniform,Low,High,0.3107143,0.8325359,0.4525358,Wed_Mar_13_00_43_55_2024
188,Both,Uniform,Low,High,0.3176044,0.8373206,0.4605263,Wed_Mar__6_22_26_10_2024
189,Both,Uniform,Low,High,0.3107143,0.8325359,0.4525358,Thu_Mar_14_17_53_01_2024
190,Both,Uniform,Low,Low,0.3489583,0.9663462,0.5127551,Fri_Mar__8_12_04_58_2024
191,Both,Uniform,Low,Low,0.3476027,0.9759615,0.5126263,Wed_Mar__6_21_58_13_2024
192,Both,Uniform,Low,Low,0.3518198,0.9759615,0.5171975,Fri_Mar__8_10_49_56_2024
193,Both,Uniform,Low,Low,0.3513986,0.9663462,0.5153846,Wed_Mar__6_21_58_19_2024
194,Both,Uniform,Low,Low,0.3512111,0.9759615,0.5165394,Mon_Feb_19_22_30_32_2024
195,Both,Uniform,Low,Low,0.3500867,0.9711538,0.5146497,Wed_Mar__6_22_25_59_2024
196,Both,Uniform,Low,Low,0.3536585,0.9759615,0.5191816,Fri_Mar__8_15_21_22_2024
197,Both,Uniform,Low,Low,0.3487973,0.9759615,0.5139241,Thu_Mar_14_17_52_40_2024
198,Both,Uniform,Low,Low,0.3507853,0.9663462,0.5147247,Wed_Mar__6_22_25_57_2024
199,Both,Uniform,Low,Low,0.3555166,0.9759615,0.521181,Wed_Mar_13_00_43_39_2024
200,Both,Uniform,Medium,High,0.9245007,0.8778908,0.9005931,Wed_Mar__6_21_58_32_2024
201,Both,Uniform,Medium,High,0.927522,0.8760407,0.9010466,Fri_Mar__8_12_05_11_2024
202,Both,Uniform,Medium,High,0.9270323,0.8755782,0.9005709,Wed_Mar__6_21_58_38_2024
203,Both,Uniform,Medium,High,0.9250608,0.8792784,0.9015888,Fri_Mar__8_10_50_14_2024
204,Both,Uniform,Medium,High,0.9248047,0.8760407,0.8997625,Tue_Feb_20_10_09_03_2024
205,Both,Uniform,Medium,High,0.9250608,0.8792784,0.9015888,Fri_Mar__8_15_21_43_2024
206,Both,Uniform,Medium,High,0.9278049,0.879741,0.9031339,Wed_Mar__6_22_26_25_2024
207,Both,Uniform,Medium,High,0.9267578,0.8778908,0.9016627,Thu_Mar__7_18_21_15_2024
208,Both,Uniform,Medium,High,0.9276991,0.8783534,0.9023521,Wed_Mar_13_00_44_01_2024
209,Both,Uniform,Medium,High,0.9291646,0.879741,0.9037776,Thu_Mar_14_17_53_08_2024
210,Both,Uniform,Medium,Low,0.9932821,0.9623431,0.9775679,Wed_Mar__6_21_58_15_2024
211,Both,Uniform,Medium,Low,0.9918582,0.962808,0.9771172,Fri_Mar__8_12_05_01_2024
212,Both,Uniform,Medium,Low,0.9913958,0.9642027,0.9776102,Wed_Mar__6_21_58_21_2024
213,Both,Uniform,Medium,Low,0.993771,0.9642027,0.9787636,Mon_Feb_12_10_08_24_2024
214,Both,Uniform,Medium,Low,0.993295,0.9642027,0.9785327,Fri_Mar__8_10_49_59_2024
215,Both,Uniform,Medium,Low,0.9947217,0.9637378,0.9789847,Fri_Mar__8_15_21_24_2024
216,Both,Uniform,Medium,Low,0.9904762,0.9669921,0.9785933,Wed_Mar__6_22_26_00_2024
217,Both,Uniform,Medium,Low,0.9918582,0.962808,0.9771172,Thu_Mar__7_18_21_02_2024
218,Both,Uniform,Medium,Low,0.9928092,0.962808,0.9775785,Wed_Mar_13_00_43_43_2024
219,Both,Uniform,Medium,Low,0.9928264,0.9651325,0.9787836,Thu_Mar_14_17_52_43_2024
220,Both,Uniform,Very High,High,0.9992184,0.852949,0.9203081,Wed_Mar__6_21_58_39_2024
221,Both,Uniform,Very High,High,0.9992172,0.8516146,0.9195303,Fri_Mar__8_12_05_21_2024
222,Both,Uniform,Very High,High,0.9992183,0.8528156,0.9202304,Tue_Feb_20_10_09_06_2024
223,Both,Uniform,Very High,High,0.9990648,0.8553509,0.9216391,Wed_Mar__6_21_58_47_2024
224,Both,Uniform,Very High,High,0.9992211,0.8558847,0.9220154,Fri_Mar__8_10_50_22_2024
225,Both,Uniform,Very High,High,0.999376,0.8548172,0.9214614,Wed_Mar__6_22_26_36_2024
226,Both,Uniform,Very High,High,0.999217,0.8514812,0.9194524,Fri_Mar__8_15_21_50_2024
227,Both,Uniform,Very High,High,0.9987457,0.8500133,0.9183968,Thu_Mar__7_18_21_19_2024
228,Both,Uniform,Very High,High,0.9992198,0.8545503,0.92124,Wed_Mar_13_00_44_12_2024
229,Both,Uniform,Very High,High,0.9985948,0.8534828,0.920354,Wed_Mar__6_22_26_17_2024
230,Both,Uniform,Very High,Low,1.0,0.9544969,0.9767188,Fri_Mar__8_12_05_05_2024
231,Both,Uniform,Very High,Low,1.0,0.9531625,0.9760197,Wed_Mar__6_21_58_21_2024
232,Both,Uniform,Very High,Low,1.0,0.9519616,0.9753897,Mon_Feb_12_10_08_31_2024
233,Both,Uniform,Very High,Low,1.0,0.9535629,0.9762295,Fri_Mar__8_10_50_07_2024
234,Both,Uniform,Very High,Low,1.0,0.9534294,0.9761596,Wed_Mar__6_21_58_29_2024
235,Both,Uniform,Very High,Low,1.0,0.9535629,0.9762295,Wed_Mar__6_22_26_09_2024
236,Both,Uniform,Very High,Low,1.0,0.9542301,0.976579,Fri_Mar__8_15_21_34_2024
237,Both,Uniform,Very High,Low,1.0,0.9534294,0.9761596,Wed_Mar_13_00_43_56_2024
238,Both,Uniform,Very High,Low,1.0,0.9535629,0.9762295,Thu_Mar_14_17_52_55_2024
239,Both,Uniform,Very High,Low,1.0,0.9543635,0.9766489,Wed_Mar__6_22_26_07_2024
240,Neither,BNBD4,High,High,0.9980806,0.7069486,0.8276594,Mon_Mar_11_12_58_19_2024
241,Neither,BNBD4,High,High,0.9976435,0.7034743,0.825124,Wed_Mar__6_21_56_00_2024
242,Neither,BNBD4,High,High,0.9978696,0.7075529,0.8280007,Sat_Mar__9_07_15_20_2024
243,Neither,BNBD4,High,High,0.9974549,0.710423,0.8298191,Tue_Feb_20_10_07_54_2024
244,Neither,BNBD4,High,High,0.9978705,0.707855,0.8282078,Wed_Mar__6_21_56_09_2024
245,Neither,BNBD4,High,High,0.9976511,0.7057402,0.8266832,Wed_Mar__6_22_25_11_2024
246,Neither,BNBD4,High,High,0.9978605,0.7045317,0.8259253,Sun_Mar_10_03_50_58_2024
247,Neither,BNBD4,High,High,0.99786,0.7043807,0.8258213,Wed_Mar_13_00_40_45_2024
248,Neither,BNBD4,High,High,0.9978687,0.7072508,0.8277935,Sat_Mar__9_04_20_46_2024
249,Neither,BNBD4,High,High,0.9978728,0.7086103,0.8287254,Wed_Mar__6_22_25_13_2024
250,Neither,BNBD4,High,Low,0.999841,0.9521575,0.9754168,Sat_Mar__9_04_42_37_2024
251,Neither,BNBD4,High,Low,0.9998411,0.9527631,0.9757346,Wed_Mar__6_21_55_42_2024
252,Neither,BNBD4,High,Low,1.0,0.9529145,0.9758896,Mon_Feb_12_10_07_03_2024
253,Neither,BNBD4,High,Low,1.0,0.9510977,0.974936,Sat_Mar__9_07_15_03_2024
254,Neither,BNBD4,High,Low,1.0,0.9517033,0.9752541,Wed_Mar__6_21_55_54_2024
255,Neither,BNBD4,High,Low,1.0,0.9529145,0.9758896,Wed_Mar__6_22_24_50_2024
256,Neither,BNBD4,High,Low,1.0,0.9526117,0.9757308,Sun_Mar_10_03_50_39_2024
257,Neither,BNBD4,High,Low,1.0,0.9521575,0.9754925,Sat_Mar__9_04_20_27_2024
258,Neither,BNBD4,High,Low,0.9998408,0.9509463,0.9747808,Wed_Mar_13_00_40_29_2024
259,Neither,BNBD4,High,Low,1.0,0.9521575,0.9754925,Wed_Mar__6_22_24_56_2024
260,Neither,BNBD4,Low,High,0.9798658,0.6985646,0.8156425,Wed_Mar__6_21_55_50_2024
261,Neither,BNBD4,Low,High,0.9864865,0.6985646,0.8179272,Sat_Mar__9_07_15_11_2024
262,Neither,BNBD4,Low,High,0.9864865,0.6985646,0.8179272,Tue_Feb_20_10_07_50_2024
263,Neither,BNBD4,Low,High,0.9798658,0.6985646,0.8156425,Wed_Mar__6_21_56_01_2024
264,Neither,BNBD4,Low,High,0.9864865,0.6985646,0.8179272,Wed_Mar__6_22_25_04_2024
265,Neither,BNBD4,Low,High,1.0,0.75,0.8571429,Wed_Mar_13_00_40_08_2024
266,Neither,BNBD4,Low,High,0.9798658,0.6985646,0.8156425,Wed_Mar__6_22_25_04_2024
267,Neither,BNBD4,Low,High,0.9863946,0.6937799,0.8146067,Wed_Mar_13_00_40_36_2024
268,Neither,BNBD4,Low,High,0.98,0.7033493,0.8189415,Sat_Mar__9_04_20_37_2024
269,Neither,BNBD4,Low,High,0.9863946,0.6985646,0.8179272,Wed_Mar__6_21_55_50_2024
270,Neither,BNBD4,Low,Low,0.980198,0.9519231,0.9658537,Wed_Mar__6_21_55_35_2024
271,Neither,BNBD4,Low,Low,0.9800995,0.9471154,0.9633252,Sat_Mar__9_04_42_19_2024
272,Neither,BNBD4,Low,Low,0.985,0.9471154,0.9656863,Sat_Mar__9_07_14_57_2024
273,Neither,BNBD4,Low,Low,0.985,0.9471154,0.9656863,Wed_Mar__6_21_55_48_2024
274,Neither,BNBD4,Low,Low,0.985,0.9471154,0.9656863,Mon_Feb_19_22_29_29_2024
275,Neither,BNBD4,Low,Low,0.9850746,0.9519231,0.9682152,Sun_Mar_10_03_50_33_2024
276,Neither,BNBD4,Low,Low,0.9850746,0.9519231,0.9682152,Wed_Mar__6_22_24_31_2024
277,Neither,BNBD4,Low,Low,0.9753695,0.9519231,0.9635036,Wed_Mar__6_22_24_52_2024
278,Neither,BNBD4,Low,Low,0.980198,0.9519231,0.9658537,Sat_Mar__9_04_20_16_2024
279,Neither,BNBD4,Low,Low,0.985,0.9471154,0.9656863,Wed_Mar_13_00_40_19_2024
280,Neither,BNBD4,Medium,High,0.983344,0.7099907,0.8246038,Wed_Mar_13_00_41_11_2024
281,Neither,BNBD4,Medium,High,0.9833333,0.7095282,0.824288,Wed_Mar__6_21_55_55_2024
282,Neither,BNBD4,Medium,High,0.9799742,0.7016651,0.8177898,Tue_Feb_20_10_07_52_2024
283,Neither,BNBD4,Medium,High,0.984556,0.7076781,0.8234661,Sat_Mar__9_07_15_16_2024
284,Neither,BNBD4,Medium,High,0.9839021,0.706753,0.822611,Wed_Mar__6_21_56_05_2024
285,Neither,BNBD4,Medium,High,0.9832905,0.7076781,0.8230231,Wed_Mar__6_22_24_52_2024
286,Neither,BNBD4,Medium,High,0.9890411,0.7412731,0.8474178,Wed_Mar_13_00_40_10_2024
287,Neither,BNBD4,Medium,High,0.984546,0.7072155,0.8231494,Sat_Mar__9_04_20_44_2024
288,Neither,BNBD4,Medium,High,0.9846547,0.7123034,0.8266237,Wed_Mar__6_22_25_04_2024
289,Neither,BNBD4,Medium,High,0.9826923,0.7090657,0.8237507,Wed_Mar_13_00_40_40_2024
290,Neither,BNBD4,Medium,Low,0.9965937,0.9521153,0.9738469,Wed_Mar_13_00_41_02_2024
291,Neither,BNBD4,Medium,Low,0.9946446,0.9497908,0.9717004,Sat_Mar__9_04_42_23_2024
292,Neither,BNBD4,Medium,Low,0.9956226,0.9516504,0.97314,Wed_Mar__6_21_55_38_2024
293,Neither,BNBD4,Medium,Low,0.9961089,0.9521153,0.9736154,Sat_Mar__9_07_14_59_2024
294,Neither,BNBD4,Medium,Low,0.9951362,0.9511855,0.9726646,Mon_Feb_12_10_06_58_2024
295,Neither,BNBD4,Medium,Low,0.9961203,0.9549047,0.9750771,Wed_Mar__6_21_55_51_2024
296,Neither,BNBD4,Medium,Low,0.9951291,0.9497908,0.9719315,Sun_Mar_10_03_50_36_2024
297,Neither,BNBD4,Medium,Low,0.9961071,0.9516504,0.9733714,Wed_Mar__6_22_24_44_2024
298,Neither,BNBD4,Medium,Low,0.9961483,0.9618782,0.9787133,Wed_Mar__6_22_24_55_2024
299,Neither,BNBD4,Medium,Low,0.996592,0.9516504,0.9736029,Wed_Mar_13_00_40_22_2024
300,Neither,BNBD4,Very High,High,0.998101,0.7013611,0.8238245,Wed_Mar__6_21_56_04_2024
301,Neither,BNBD4,Very High,High,0.9986662,0.6993595,0.8226338,Mon_Mar_11_12_58_35_2024
302,Neither,BNBD4,Very High,High,0.9992362,0.698292,0.8220878,Sat_Mar__9_07_15_23_2024
303,Neither,BNBD4,Very High,High,0.999048,0.7001601,0.8233171,Tue_Feb_20_10_07_55_2024
304,Neither,BNBD4,Very High,High,0.9990443,0.6974913,0.8214679,Wed_Mar__6_21_56_13_2024
305,Neither,BNBD4,Very High,High,0.9986732,0.7030958,0.8252153,Sun_Mar_10_03_51_02_2024
306,Neither,BNBD4,Very High,High,0.9988495,0.6950894,0.819734,Wed_Mar__6_22_25_14_2024
307,Neither,BNBD4,Very High,High,0.9982873,0.7000267,0.8229665,Wed_Mar_13_00_40_49_2024
308,Neither,BNBD4,Very High,High,0.9994295,0.7013611,0.8242766,Wed_Mar__6_22_25_16_2024
309,Neither,BNBD4,Very High,High,0.9988587,0.7006939,0.8236217,Sat_Mar__9_04_20_51_2024
310,Neither,BNBD4,Very High,Low,1.0,0.9540966,0.9765092,Wed_Mar__6_21_55_42_2024
311,Neither,BNBD4,Very High,Low,1.0,0.9542301,0.976579,Sat_Mar__9_04_42_44_2024
312,Neither,BNBD4,Very High,Low,1.0,0.9546304,0.9767886,Wed_Mar__6_21_55_57_2024
313,Neither,BNBD4,Very High,Low,1.0,0.9534294,0.9761596,Sat_Mar__9_07_15_07_2024
314,Neither,BNBD4,Very High,Low,0.9995812,0.955431,0.9770076,Mon_Feb_12_10_07_06_2024
315,Neither,BNBD4,Very High,Low,1.0,0.9558313,0.9774169,Wed_Mar__6_22_24_58_2024
316,Neither,BNBD4,Very High,Low,1.0,0.9550307,0.9769982,Sun_Mar_10_03_50_42_2024
317,Neither,BNBD4,Very High,Low,1.0,0.9556979,0.9773472,Wed_Mar_13_00_40_32_2024
318,Neither,BNBD4,Very High,Low,1.0,0.9546304,0.9767886,Fri_Mar_15_12_06_38_2024
319,Neither,BNBD4,Very High,Low,1.0,0.9546304,0.9767886,Wed_Mar__6_22_25_00_2024
320,Neither,Pitman,High,High,0.9948288,0.8427492,0.9124959,Wed_Mar__6_22_01_29_2024
321,Neither,Pitman,High,High,0.9928622,0.8404834,0.9103403,Fri_Mar__8_18_42_40_2024
322,Neither,Pitman,High,High,0.9948112,0.8398792,0.9108035,Mon_Feb_12_10_10_55_2024
323,Neither,Pitman,High,High,0.9939307,0.8410876,0.9111438,Fri_Mar__8_03_08_07_2024
324,Neither,Pitman,High,High,0.9944771,0.8432024,0.9126134,Wed_Mar__6_22_01_08_2024
325,Neither,Pitman,High,High,0.9934304,0.8451662,0.9133203,Fri_Mar__8_01_19_50_2024
326,Neither,Pitman,High,High,0.9946476,0.842145,0.9120654,Wed_Mar__6_22_27_22_2024
327,Neither,Pitman,High,High,0.9939437,0.8429003,0.9122119,Fri_Mar__8_01_19_13_2024
328,Neither,Pitman,High,High,0.9941271,0.8438066,0.9128197,Thu_Mar_14_12_44_57_2024
329,Neither,Pitman,High,High,0.9926994,0.842145,0.9112455,Wed_Mar__6_22_27_33_2024
330,Neither,Pitman,High,Low,1.0,0.9512491,0.9750155,Wed_Mar__6_22_00_52_2024
331,Neither,Pitman,High,Low,1.0,0.9491294,0.9739009,Fri_Mar__8_18_42_24_2024
332,Neither,Pitman,High,Low,1.0,0.949735,0.9742196,Wed_Mar__6_22_00_53_2024
333,Neither,Pitman,High,Low,1.0,0.9509463,0.9748564,Mon_Feb_12_10_10_38_2024
334,Neither,Pitman,High,Low,1.0,0.9507949,0.9747769,Fri_Mar__8_03_07_47_2024
335,Neither,Pitman,High,Low,1.0,0.9510977,0.974936,Fri_Mar__8_01_19_30_2024
336,Neither,Pitman,High,Low,1.0,0.9507949,0.9747769,Wed_Mar__6_22_27_04_2024
337,Neither,Pitman,High,Low,1.0,0.9504921,0.9746177,Fri_Mar__8_01_19_01_2024
338,Neither,Pitman,High,Low,1.0,0.9498864,0.9742992,Thu_Mar_14_12_44_28_2024
339,Neither,Pitman,High,Low,1.0,0.9509463,0.9748564,Wed_Mar__6_22_27_15_2024
340,Neither,Pitman,Low,High,0.9314286,0.7799043,0.8489583,Wed_Mar__6_22_01_13_2024
341,Neither,Pitman,Low,High,0.9418605,0.7751196,0.8503937,Fri_Mar__8_18_42_36_2024
342,Neither,Pitman,Low,High,0.9310345,0.7751196,0.845953,Wed_Mar__6_22_01_01_2024
343,Neither,Pitman,Low,High,0.9314286,0.7799043,0.8489583,Fri_Mar__8_03_07_58_2024
344,Neither,Pitman,Low,High,0.9360465,0.7703349,0.8451444,Mon_Feb_12_10_10_47_2024
345,Neither,Pitman,Low,High,0.9418605,0.7751196,0.8503937,Wed_Mar__6_22_27_13_2024
346,Neither,Pitman,Low,High,0.9411765,0.7655502,0.8443272,Fri_Mar__8_01_19_41_2024
347,Neither,Pitman,Low,High,0.9360465,0.7703349,0.8451444,Fri_Mar__8_01_19_06_2024
348,Neither,Pitman,Low,High,0.9364162,0.7751196,0.8481675,Wed_Mar_13_00_46_23_2024
349,Neither,Pitman,Low,High,0.9367816,0.7799043,0.8511749,Wed_Mar__6_22_27_19_2024
350,Neither,Pitman,Low,Low,0.9656863,0.9471154,0.9563107,Wed_Mar__6_22_00_44_2024
351,Neither,Pitman,Low,Low,0.9704433,0.9471154,0.9586375,Fri_Mar__8_18_42_05_2024
352,Neither,Pitman,Low,Low,0.9704433,0.9471154,0.9586375,Wed_Mar__6_22_00_45_2024
353,Neither,Pitman,Low,Low,0.9800995,0.9471154,0.9633252,Fri_Mar__8_03_07_40_2024
354,Neither,Pitman,Low,Low,0.9704433,0.9471154,0.9586375,Mon_Feb_12_10_10_34_2024
355,Neither,Pitman,Low,Low,0.9704433,0.9471154,0.9586375,Wed_Mar__6_22_26_59_2024
356,Neither,Pitman,Low,Low,0.9800995,0.9471154,0.9633252,Fri_Mar__8_01_19_26_2024
357,Neither,Pitman,Low,Low,0.9704433,0.9471154,0.9586375,Wed_Mar__6_22_27_11_2024
358,Neither,Pitman,Low,Low,0.9704433,0.9471154,0.9586375,Thu_Mar_14_12_44_18_2024
359,Neither,Pitman,Low,Low,0.9752475,0.9471154,0.9609756,Fri_Mar__8_01_18_49_2024
360,Neither,Pitman,Medium,High,0.9678299,0.8209991,0.8883884,Wed_Mar__6_22_01_21_2024
361,Neither,Pitman,Medium,High,0.9629226,0.8168363,0.8838839,Fri_Mar__8_18_42_34_2024
362,Neither,Pitman,Medium,High,0.9677243,0.8182239,0.8867168,Wed_Mar__6_22_01_03_2024
363,Neither,Pitman,Medium,High,0.9655549,0.8168363,0.8849912,Fri_Mar__8_03_08_02_2024
364,Neither,Pitman,Medium,High,0.9641304,0.8205365,0.8865567,Mon_Feb_12_10_10_51_2024
365,Neither,Pitman,Medium,High,0.9640719,0.8191489,0.8857214,Fri_Mar__8_01_19_46_2024
366,Neither,Pitman,Medium,High,0.9651606,0.820074,0.8867217,Wed_Mar__6_22_27_17_2024
367,Neither,Pitman,Medium,High,0.9651226,0.8191489,0.8861646,Wed_Mar__6_22_27_29_2024
368,Neither,Pitman,Medium,High,0.9649891,0.8159112,0.8842105,Thu_Mar_14_12_44_48_2024
369,Neither,Pitman,Medium,High,0.9670692,0.8149861,0.8845382,Wed_Mar_13_00_46_29_2024
370,Neither,Pitman,Medium,Low,0.9951621,0.9562994,0.9753438,Fri_Mar__8_18_42_11_2024
371,Neither,Pitman,Medium,Low,0.9956501,0.9576941,0.9763033,Wed_Mar__6_22_00_48_2024
372,Neither,Pitman,Medium,Low,0.9937198,0.9562994,0.9746506,Wed_Mar__6_22_00_48_2024
373,Neither,Pitman,Medium,Low,0.9961297,0.9572292,0.9762921,Mon_Feb_12_10_10_36_2024
374,Neither,Pitman,Medium,Low,0.9951667,0.9572292,0.9758294,Fri_Mar__8_03_07_44_2024
375,Neither,Pitman,Medium,Low,0.9961278,0.9567643,0.9760493,Fri_Mar__8_01_19_28_2024
376,Neither,Pitman,Medium,Low,0.9951597,0.9558345,0.9751008,Wed_Mar__6_22_27_01_2024
377,Neither,Pitman,Medium,Low,0.9956501,0.9576941,0.9763033,Fri_Mar__8_01_18_51_2024
378,Neither,Pitman,Medium,Low,0.9966134,0.9576941,0.9767662,Wed_Mar__6_22_27_13_2024
379,Neither,Pitman,Medium,Low,0.9956543,0.9586239,0.9767883,Wed_Mar_13_00_46_06_2024
380,Neither,Pitman,Very High,High,0.9945152,0.8226581,0.9004601,Fri_Mar__8_18_42_44_2024
381,Neither,Pitman,Very High,High,0.994842,0.8235922,0.9011535,Wed_Mar__6_22_01_37_2024
382,Neither,Pitman,Very High,High,0.995318,0.8226581,0.900789,Wed_Mar__6_22_01_12_2024
383,Neither,Pitman,Very High,High,0.995969,0.8242594,0.9020152,Mon_Feb_12_10_10_59_2024
384,Neither,Pitman,Very High,High,0.9940447,0.824126,0.9011454,Fri_Mar__8_03_08_11_2024
385,Neither,Pitman,Very High,High,0.9959658,0.8235922,0.9016142,Fri_Mar__8_01_19_54_2024
386,Neither,Pitman,Very High,High,0.9958058,0.8237256,0.9016286,Wed_Mar__6_22_27_26_2024
387,Neither,Pitman,Very High,High,0.9959664,0.8237256,0.9016944,Wed_Mar_13_00_46_38_2024
388,Neither,Pitman,Very High,High,0.9979036,0.8257272,0.9036875,Fri_Mar__8_01_19_14_2024
389,Neither,Pitman,Very High,High,0.9957963,0.8218575,0.9005044,Thu_Mar_14_12_45_10_2024
390,Neither,Pitman,Very High,Low,1.0,0.9542301,0.976579,Fri_Mar__8_18_42_29_2024
391,Neither,Pitman,Very High,Low,1.0,0.9538297,0.9763693,Wed_Mar__6_22_01_05_2024
392,Neither,Pitman,Very High,Low,0.9994407,0.9538297,0.9761027,Mon_Feb_12_10_10_42_2024
393,Neither,Pitman,Very High,Low,0.999441,0.9542301,0.9763124,Fri_Mar__8_03_07_51_2024
394,Neither,Pitman,Very High,Low,1.0,0.9542301,0.976579,Wed_Mar__6_22_00_51_2024
395,Neither,Pitman,Very High,Low,1.0,0.9542301,0.976579,Wed_Mar__6_22_27_08_2024
396,Neither,Pitman,Very High,Low,1.0,0.953296,0.9760896,Fri_Mar__8_01_19_36_2024
397,Neither,Pitman,Very High,Low,0.9994409,0.9540966,0.9762425,Wed_Mar_13_00_46_18_2024
398,Neither,Pitman,Very High,Low,1.0,0.953296,0.9760896,Sat_Mar_16_12_33_56_2024
399,Neither,Pitman,Very High,Low,1.0,0.9539632,0.9764393,Wed_Mar__6_22_27_21_2024
400,Neither,Uniform,High,High,0.9982961,0.7965257,0.8860696,Wed_Mar__6_22_21_51_2024
401,Neither,Uniform,High,High,0.9980967,0.792145,0.8832744,Fri_Mar__8_09_13_28_2024
402,Neither,Uniform,High,High,0.9984843,0.7960725,0.8858632,Wed_Mar__6_22_21_47_2024
403,Neither,Uniform,High,High,0.9984765,0.791994,0.8833291,Fri_Mar__8_09_11_45_2024
404,Neither,Uniform,High,High,0.9975191,0.789577,0.8814503,Mon_Feb_19_22_34_09_2024
405,Neither,Uniform,High,High,0.9982909,0.7941088,0.8845701,Mon_Feb_19_22_26_21_2024
406,Neither,Uniform,High,High,0.9984747,0.7910876,0.8827644,Fri_Mar__8_10_44_22_2024
407,Neither,Uniform,High,High,0.9980945,0.7912387,0.8827098,Wed_Mar__6_22_21_55_2024
408,Neither,Uniform,High,High,0.9984776,0.7925982,0.8837053,Wed_Mar__6_22_22_23_2024
409,Neither,Uniform,High,High,0.9979115,0.7939577,0.8843274,Fri_Mar__8_14_10_54_2024
410,Neither,Uniform,High,Low,1.0,0.9510977,0.974936,Fri_Mar__8_09_13_13_2024
411,Neither,Uniform,High,Low,1.0,0.9494322,0.9740603,Wed_Mar__6_22_21_35_2024
412,Neither,Uniform,High,Low,1.0,0.9506435,0.9746973,Wed_Mar__6_22_21_34_2024
413,Neither,Uniform,High,Low,1.0,0.9495836,0.9741399,Mon_Feb_12_10_13_40_2024
414,Neither,Uniform,High,Low,1.0,0.949735,0.9742196,Fri_Mar__8_09_11_31_2024
415,Neither,Uniform,High,Low,1.0,0.9491294,0.9739009,Fri_Mar__8_10_44_03_2024
416,Neither,Uniform,High,Low,1.0,0.9498864,0.9742992,Wed_Mar__6_22_21_43_2024
417,Neither,Uniform,High,Low,1.0,0.949735,0.9742196,Wed_Mar_13_00_50_53_2024
418,Neither,Uniform,High,Low,1.0,0.9500379,0.9743789,Wed_Mar__6_22_22_00_2024
419,Neither,Uniform,High,Low,1.0,0.9501893,0.9744585,Fri_Mar__8_14_10_37_2024
420,Neither,Uniform,Low,High,0.2458771,0.784689,0.3744292,Wed_Mar__6_22_21_39_2024
421,Neither,Uniform,Low,High,0.2376093,0.7799043,0.3642458,Fri_Mar__8_09_13_20_2024
422,Neither,Uniform,Low,High,0.2418398,0.7799043,0.3691959,Wed_Mar__6_22_21_42_2024
423,Neither,Uniform,Low,High,0.2422452,0.784689,0.3702032,Fri_Feb_23_22_36_12_2024
424,Neither,Uniform,Low,High,0.2443439,0.7751196,0.3715596,Fri_Mar__8_09_11_36_2024
425,Neither,Uniform,Low,High,0.2400589,0.7799043,0.3671171,Wed_Mar__6_22_21_49_2024
426,Neither,Uniform,Low,High,0.242921,0.7799043,0.3704545,Fri_Mar__8_10_44_12_2024
427,Neither,Uniform,Low,High,0.242921,0.7799043,0.3704545,Wed_Mar__6_22_22_07_2024
428,Neither,Uniform,Low,High,0.2444113,0.784689,0.3727273,Fri_Mar__8_14_10_47_2024
429,Neither,Uniform,Low,High,0.242921,0.7799043,0.3704545,Wed_Mar__6_22_21_39_2024
430,Neither,Uniform,Low,Low,0.2853026,0.9519231,0.4390244,Fri_Mar__8_09_13_08_2024
431,Neither,Uniform,Low,Low,0.2853026,0.9519231,0.4390244,Wed_Mar__6_22_21_27_2024
432,Neither,Uniform,Low,Low,0.278481,0.9519231,0.4309032,Wed_Mar__6_22_21_29_2024
433,Neither,Uniform,Low,Low,0.2820513,0.9519231,0.4351648,Mon_Feb_12_10_13_31_2024
434,Neither,Uniform,Low,Low,0.2824536,0.9519231,0.4356436,Fri_Mar__8_09_11_25_2024
435,Neither,Uniform,Low,Low,0.2804533,0.9519231,0.4332604,Wed_Mar__6_22_21_36_2024
436,Neither,Uniform,Low,Low,0.2773109,0.9519231,0.4295011,Fri_Mar__8_10_43_56_2024
437,Neither,Uniform,Low,Low,0.2840746,0.9519231,0.4375691,Fri_Mar__8_14_10_33_2024
438,Neither,Uniform,Low,Low,0.2820513,0.9519231,0.4351648,Wed_Mar__6_22_21_52_2024
439,Neither,Uniform,Low,Low,0.2820513,0.9519231,0.4351648,Fri_Mar__8_09_13_08_2024
440,Neither,Uniform,Medium,High,0.9657452,0.7432932,0.8400418,Wed_Mar__6_22_21_47_2024
441,Neither,Uniform,Medium,High,0.9646283,0.7442183,0.8402089,Fri_Mar__8_09_13_20_2024
442,Neither,Uniform,Medium,High,0.9663664,0.7442183,0.8408675,Wed_Mar__6_22_21_44_2024
443,Neither,Uniform,Medium,High,0.9636689,0.7483811,0.8424889,Fri_Mar__8_09_11_41_2024
444,Neither,Uniform,Medium,High,0.9584323,0.746531,0.8393136,Fri_Feb_23_22_36_13_2024
445,Neither,Uniform,Medium,High,0.9613325,0.7474561,0.8410096,Fri_Mar__8_10_44_17_2024
446,Neither,Uniform,Medium,High,0.9628965,0.7442183,0.8395513,Wed_Mar__6_22_21_52_2024
447,Neither,Uniform,Medium,High,0.965311,0.746531,0.8419405,Wed_Mar__6_22_22_17_2024
448,Neither,Uniform,Medium,High,0.9659295,0.7474561,0.842764,Fri_Mar__8_14_10_50_2024
449,Neither,Uniform,Medium,High,0.9646283,0.746531,0.8408675,Wed_Mar__6_22_21_47_2024
450,Neither,Uniform,Medium,Low,0.9947064,0.9609484,0.9775361,Wed_Mar__6_22_21_29_2024
451,Neither,Uniform,Medium,Low,0.9942029,0.9567643,0.9751244,Fri_Mar__8_09_13_10_2024
452,Neither,Uniform,Medium,Low,0.9951691,0.9576941,0.976072,Wed_Mar__6_22_21_32_2024
453,Neither,Uniform,Medium,Low,0.9956564,0.9590888,0.9770305,Fri_Mar__8_09_11_28_2024
454,Neither,Uniform,Medium,Low,0.9956522,0.958159,0.9765458,Mon_Feb_12_10_13_33_2024
455,Neither,Uniform,Medium,Low,0.9956501,0.9576941,0.9763033,Fri_Mar__8_10_43_57_2024
456,Neither,Uniform,Medium,Low,0.9961297,0.9572292,0.9762921,Wed_Mar__6_22_21_39_2024
457,Neither,Uniform,Medium,Low,0.9946809,0.9562994,0.9751126,Wed_Mar_13_00_50_48_2024
458,Neither,Uniform,Medium,Low,0.9956543,0.9586239,0.9767883,Fri_Mar__8_14_10_35_2024
459,Neither,Uniform,Medium,Low,0.9956564,0.9590888,0.9770305,Wed_Mar__6_22_21_55_2024
460,Neither,Uniform,Very High,High,0.9993094,0.7723512,0.8712931,Fri_Mar__8_09_13_31_2024
461,Neither,Uniform,Very High,High,0.9991358,0.7714171,0.8706325,Wed_Mar__6_22_21_55_2024
462,Neither,Uniform,Very High,High,1.0,0.7724847,0.8716404,Mon_Feb_12_10_14_00_2024
463,Neither,Uniform,Very High,High,1.0,0.7740859,0.8726589,Fri_Mar__8_09_11_48_2024
464,Neither,Uniform,Very High,High,0.9998265,0.7691487,0.8694472,Wed_Mar__6_22_21_50_2024
465,Neither,Uniform,Very High,High,0.9998272,0.7720843,0.8713199,Fri_Mar__8_10_44_26_2024
466,Neither,Uniform,Very High,High,0.9998272,0.7719509,0.8712349,Wed_Mar__6_22_21_59_2024
467,Neither,Uniform,Very High,High,0.999827,0.7712837,0.8708098,Wed_Mar__6_22_22_28_2024
468,Neither,Uniform,Very High,High,0.9998271,0.7715506,0.8709799,Fri_Mar__8_14_10_57_2024
469,Neither,Uniform,Very High,High,0.9998271,0.7719509,0.8712349,Fri_Mar__8_09_13_31_2024
470,Neither,Uniform,Very High,Low,1.0,0.9523619,0.9755998,Wed_Mar__6_22_21_35_2024
471,Neither,Uniform,Very High,Low,1.0,0.9526288,0.9757398,Fri_Mar__8_09_13_15_2024
472,Neither,Uniform,Very High,Low,1.0,0.9527622,0.9758098,Mon_Feb_12_10_13_43_2024
473,Neither,Uniform,Very High,Low,1.0,0.9531625,0.9760197,Wed_Mar__6_22_21_36_2024
474,Neither,Uniform,Very High,Low,1.0,0.9519616,0.9753897,Fri_Mar__8_09_11_33_2024
475,Neither,Uniform,Very High,Low,1.0,0.9527622,0.9758098,Wed_Mar__6_22_21_46_2024
476,Neither,Uniform,Very High,Low,1.0,0.9523619,0.9755998,Fri_Mar__8_10_44_08_2024
477,Neither,Uniform,Very High,Low,1.0,0.9523619,0.9755998,Wed_Mar_13_00_51_02_2024
478,Neither,Uniform,Very High,Low,1.0,0.9523619,0.9755998,Fri_Mar__8_14_10_42_2024
479,Neither,Uniform,Very High,Low,1.0,0.9516947,0.9752496,Wed_Mar__6_22_22_04_2024
480,No Diri,BNBD4,High,High,0.9883236,0.8950151,0.9393579,Thu_Mar__7_16_48_40_2024
481,No Diri,BNBD4,High,High,0.9894402,0.8916918,0.9380264,Wed_Mar__6_21_59_22_2024
482,No Diri,BNBD4,High,High,0.9924497,0.8935045,0.9403816,Mon_Feb_19_22_38_15_2024
483,No Diri,BNBD4,High,High,0.9898215,0.8960725,0.9406168,Wed_Mar__6_21_59_43_2024
484,No Diri,BNBD4,High,High,0.9902929,0.8938066,0.9395792,Thu_Mar__7_17_12_07_2024
485,No Diri,BNBD4,High,High,0.9904634,0.8942598,0.9399063,Fri_Mar__8_10_57_43_2024
486,No Diri,BNBD4,High,High,0.9896338,0.8941088,0.9394493,Wed_Mar__6_22_26_52_2024
487,No Diri,BNBD4,High,High,0.9878171,0.8941088,0.9386299,Wed_Mar__6_22_27_35_2024
488,No Diri,BNBD4,High,High,0.9906558,0.8968278,0.9414097,Sat_Mar__9_08_02_19_2024
489,No Diri,BNBD4,High,High,0.9891141,0.892145,0.9381304,Wed_Mar_13_00_45_08_2024
490,No Diri,BNBD4,High,Low,1.0,0.9521575,0.9754925,Wed_Mar__6_21_59_15_2024
491,No Diri,BNBD4,High,Low,1.0,0.9518547,0.9753335,Thu_Mar__7_16_48_30_2024
492,No Diri,BNBD4,High,Low,1.0,0.9506435,0.9746973,Mon_Feb_19_22_37_30_2024
493,No Diri,BNBD4,High,Low,1.0,0.9520061,0.975413,Thu_Mar__7_17_11_57_2024
494,No Diri,BNBD4,High,Low,1.0,0.9517033,0.9752541,Wed_Mar__6_21_59_31_2024
495,No Diri,BNBD4,High,Low,1.0,0.9517033,0.9752541,Fri_Mar__8_10_57_27_2024
496,No Diri,BNBD4,High,Low,1.0,0.9532173,0.9760484,Wed_Mar__6_22_26_36_2024
497,No Diri,BNBD4,High,Low,1.0,0.9523089,0.9755719,Fri_Mar_15_23_04_44_2024
498,No Diri,BNBD4,High,Low,1.0,0.9501893,0.9744585,Thu_Mar_14_11_24_34_2024
499,No Diri,BNBD4,High,Low,0.999841,0.9518547,0.9752579,Sat_Mar__9_08_02_08_2024
500,No Diri,BNBD4,Low,High,0.316726,0.8516746,0.461738,Thu_Mar__7_16_48_36_2024
501,No Diri,BNBD4,Low,High,0.3207885,0.8564593,0.4667536,Wed_Mar__6_21_59_18_2024
502,No Diri,BNBD4,Low,High,0.2543103,0.84689,0.3911602,Fri_Feb_23_22_36_59_2024
503,No Diri,BNBD4,Low,High,0.3266055,0.8516746,0.4721485,Wed_Mar__6_21_59_38_2024
504,No Diri,BNBD4,Low,High,0.330855,0.8516746,0.476573,Thu_Mar__7_17_12_02_2024
505,No Diri,BNBD4,Low,High,0.3099825,0.84689,0.4538462,Fri_Mar__8_10_57_36_2024
506,No Diri,BNBD4,Low,High,0.3101045,0.8516746,0.4546616,Wed_Mar__6_22_26_42_2024
507,No Diri,BNBD4,Low,High,0.3177738,0.84689,0.462141,Wed_Mar_13_00_44_58_2024
508,No Diri,BNBD4,Low,High,0.3202147,0.8564593,0.4661458,Sat_Mar__9_08_02_13_2024
509,No Diri,BNBD4,Low,High,0.3160714,0.84689,0.4603381,Thu_Mar_14_11_24_41_2024
510,No Diri,BNBD4,Low,Low,0.9613527,0.9567308,0.9590361,Wed_Mar__6_21_59_11_2024
511,No Diri,BNBD4,Low,Low,0.9613527,0.9567308,0.9590361,Thu_Mar__7_16_48_26_2024
512,No Diri,BNBD4,Low,Low,0.9708738,0.9615385,0.9661836,Mon_Feb_19_22_37_20_2024
513,No Diri,BNBD4,Low,Low,0.9660194,0.9567308,0.9613527,Wed_Mar__6_21_59_28_2024
514,No Diri,BNBD4,Low,Low,0.9660194,0.9567308,0.9613527,Thu_Mar__7_17_11_51_2024
515,No Diri,BNBD4,Low,Low,0.9802956,0.9567308,0.9683698,Fri_Mar__8_10_57_22_2024
516,No Diri,BNBD4,Low,Low,0.9660194,0.9567308,0.9613527,Wed_Mar__6_22_26_32_2024
517,No Diri,BNBD4,Low,Low,0.9753695,0.9519231,0.9635036,Wed_Mar_13_00_44_48_2024
518,No Diri,BNBD4,Low,Low,0.9565217,0.9519231,0.9542169,Fri_Mar_15_23_04_41_2024
519,No Diri,BNBD4,Low,Low,0.9705882,0.9519231,0.961165,Sat_Mar__9_08_01_59_2024
520,No Diri,BNBD4,Medium,High,0.9314933,0.8741906,0.9019327,Thu_Mar__7_16_48_38_2024
521,No Diri,BNBD4,Medium,High,0.9283611,0.8751156,0.9009524,Wed_Mar__6_21_59_20_2024
522,No Diri,BNBD4,Medium,High,0.9284314,0.8760407,0.9014755,Thu_Mar__7_17_12_05_2024
523,No Diri,BNBD4,Medium,High,0.9288867,0.8760407,0.9016901,Wed_Mar__6_21_59_40_2024
524,No Diri,BNBD4,Medium,High,0.932645,0.8774283,0.9041945,Thu_Feb_22_23_26_40_2024
525,No Diri,BNBD4,Medium,High,0.9314596,0.873728,0.9016706,Wed_Mar__6_22_26_49_2024
526,No Diri,BNBD4,Medium,High,0.9376546,0.8765032,0.9060483,Fri_Mar__8_10_57_40_2024
527,No Diri,BNBD4,Medium,High,0.9349754,0.8778908,0.9055344,Wed_Mar_13_00_45_05_2024
528,No Diri,BNBD4,Medium,High,0.9319527,0.8741906,0.902148,Thu_Mar_14_11_24_43_2024
529,No Diri,BNBD4,Medium,High,0.9344505,0.8769658,0.904796,Sat_Mar__9_08_02_17_2024
530,No Diri,BNBD4,Medium,Low,0.9966298,0.9623431,0.9791864,Thu_Mar__7_16_48_26_2024
531,No Diri,BNBD4,Medium,Low,0.9942474,0.9642027,0.9789946,Wed_Mar__6_21_59_12_2024
532,No Diri,BNBD4,Medium,Low,0.9956814,0.9646676,0.9799292,Wed_Mar__6_21_59_30_2024
533,No Diri,BNBD4,Medium,Low,0.9947192,0.9632729,0.9787435,Thu_Mar__7_17_11_53_2024
534,No Diri,BNBD4,Medium,Low,0.994709,0.9614133,0.9777778,Mon_Feb_19_22_37_24_2024
535,No Diri,BNBD4,Medium,Low,0.993762,0.962808,0.9780401,Wed_Mar__6_22_26_36_2024
536,No Diri,BNBD4,Medium,Low,0.9971056,0.9609484,0.9786932,Fri_Mar__8_10_57_25_2024
537,No Diri,BNBD4,Medium,Low,0.9956668,0.9614133,0.9782403,Wed_Mar__6_22_27_00_2024
538,No Diri,BNBD4,Medium,Low,0.9966378,0.9646676,0.9803922,Thu_Mar_14_11_24_32_2024
539,No Diri,BNBD4,Medium,Low,0.996152,0.962808,0.9791962,Fri_Mar_15_23_04_42_2024
540,No Diri,BNBD4,Very High,High,0.9951974,0.8848412,0.9367804,Thu_Mar__7_16_48_42_2024
541,No Diri,BNBD4,Very High,High,0.9972908,0.884174,0.937332,Wed_Mar__6_21_59_23_2024
542,No Diri,BNBD4,Very High,High,0.9963899,0.8839071,0.936784,Wed_Mar__6_21_59_45_2024
543,No Diri,BNBD4,Very High,High,0.9945767,0.8809714,0.9343334,Mon_Feb_19_22_38_24_2024
544,No Diri,BNBD4,Very High,High,0.9954928,0.884174,0.9365371,Thu_Mar__7_17_12_09_2024
545,No Diri,BNBD4,Very High,High,0.9963812,0.8817721,0.9355798,Fri_Mar__8_10_57_47_2024
546,No Diri,BNBD4,Very High,High,0.9959374,0.8832399,0.9362093,Wed_Mar__6_22_26_56_2024
547,No Diri,BNBD4,Very High,High,0.9954901,0.8836402,0.9362364,Thu_Mar_14_11_24_49_2024
548,No Diri,BNBD4,Very High,High,0.9956292,0.8815052,0.935098,Wed_Mar__6_22_27_41_2024
549,No Diri,BNBD4,Very High,High,0.9953397,0.8835068,0.936095,Sat_Mar__9_08_02_24_2024
550,No Diri,BNBD4,Very High,Low,0.9995803,0.9534294,0.9759596,Wed_Mar__6_21_59_16_2024
551,No Diri,BNBD4,Very High,Low,1.0,0.9544969,0.9767188,Thu_Mar__7_16_48_34_2024
552,No Diri,BNBD4,Very High,Low,0.9995802,0.9531625,0.9758197,Wed_Mar__6_21_59_36_2024
553,No Diri,BNBD4,Very High,Low,1.0,0.9542301,0.976579,Thu_Mar__7_17_11_58_2024
554,No Diri,BNBD4,Very High,Low,1.0,0.9546304,0.9767886,Mon_Feb_19_22_37_47_2024
555,No Diri,BNBD4,Very High,Low,1.0,0.9543635,0.9766489,Wed_Mar__6_22_26_42_2024
556,No Diri,BNBD4,Very High,Low,1.0,0.9544969,0.9767188,Fri_Mar__8_10_57_30_2024
557,No Diri,BNBD4,Very High,Low,1.0,0.9548973,0.9769283,Wed_Mar__6_22_27_10_2024
558,No Diri,BNBD4,Very High,Low,1.0,0.955431,0.9772076,Sat_Mar__9_08_02_08_2024
559,No Diri,BNBD4,Very High,Low,1.0,0.9539632,0.9764393,Wed_Mar_13_00_44_56_2024
560,No Diri,Pitman,High,High,0.9963066,0.8149547,0.8965517,Wed_Mar__6_22_20_44_2024
561,No Diri,Pitman,High,High,0.9981471,0.8137462,0.8965632,Fri_Mar__8_09_02_07_2024
562,No Diri,Pitman,High,High,0.996119,0.8141994,0.8960186,Wed_Mar__6_22_20_20_2024
563,No Diri,Pitman,High,High,0.99686,0.8152568,0.8969586,Fri_Mar__8_08_32_40_2024
564,No Diri,Pitman,High,High,0.997031,0.8116314,0.8948289,Mon_Feb_12_10_12_56_2024
565,No Diri,Pitman,High,High,0.997777,0.8135952,0.8963222,Wed_Mar__6_22_20_52_2024
566,No Diri,Pitman,High,High,0.9983293,0.8123867,0.8958108,Fri_Mar__8_16_57_44_2024
567,No Diri,Pitman,High,High,0.9974064,0.8132931,0.8959893,Fri_Mar__8_08_49_24_2024
568,No Diri,Pitman,High,High,0.9979671,0.81571,0.897681,Wed_Mar_13_00_49_53_2024
569,No Diri,Pitman,High,High,0.9972207,0.8129909,0.895731,Wed_Mar__6_22_20_58_2024
570,No Diri,Pitman,High,Low,1.0,0.9506435,0.9746973,Fri_Mar__8_09_01_52_2024
571,No Diri,Pitman,High,Low,1.0,0.9504921,0.9746177,Wed_Mar__6_22_20_14_2024
572,No Diri,Pitman,High,Low,1.0,0.9509463,0.9748564,Fri_Mar__8_08_32_22_2024
573,No Diri,Pitman,High,Low,1.0,0.9509463,0.9748564,Wed_Mar__6_22_20_05_2024
574,No Diri,Pitman,High,Low,1.0,0.9507949,0.9747769,Mon_Feb_12_10_12_44_2024
575,No Diri,Pitman,High,Low,1.0,0.9515519,0.9751746,Fri_Mar__8_16_57_26_2024
576,No Diri,Pitman,High,Low,1.0,0.9506435,0.9746973,Wed_Mar__6_22_20_30_2024
577,No Diri,Pitman,High,Low,1.0,0.9512491,0.9750155,Thu_Mar_14_18_17_27_2024
578,No Diri,Pitman,High,Low,1.0,0.9501893,0.9744585,Wed_Mar_13_00_49_34_2024
579,No Diri,Pitman,High,Low,1.0,0.9512491,0.9750155,Wed_Mar__6_22_20_40_2024
580,No Diri,Pitman,Low,High,0.9615385,0.7177033,0.8219178,Wed_Mar__6_22_20_29_2024
581,No Diri,Pitman,Low,High,0.943038,0.7129187,0.8119891,Fri_Mar__8_09_01_56_2024
582,No Diri,Pitman,Low,High,0.9426752,0.708134,0.8087432,Wed_Mar__6_22_20_10_2024
583,No Diri,Pitman,Low,High,0.9612903,0.7129187,0.8186813,Fri_Mar__8_08_32_31_2024
584,No Diri,Pitman,Low,High,0.9548387,0.708134,0.8131868,Mon_Feb_12_10_12_50_2024
585,No Diri,Pitman,Low,High,0.9548387,0.708134,0.8131868,Wed_Mar__6_22_20_42_2024
586,No Diri,Pitman,Low,High,0.9607843,0.7033493,0.8121547,Fri_Mar__8_16_57_34_2024
587,No Diri,Pitman,Low,High,0.9426752,0.708134,0.8087432,Fri_Mar__8_08_49_19_2024
588,No Diri,Pitman,Low,High,0.9545455,0.7033493,0.8099174,Wed_Mar__6_22_20_50_2024
589,No Diri,Pitman,Low,High,0.9548387,0.708134,0.8131868,Thu_Mar_14_18_17_43_2024
590,No Diri,Pitman,Low,Low,0.9752475,0.9471154,0.9609756,Fri_Mar__8_09_01_45_2024
591,No Diri,Pitman,Low,Low,0.9705882,0.9519231,0.961165,Wed_Mar__6_22_20_02_2024
592,No Diri,Pitman,Low,Low,0.9752475,0.9471154,0.9609756,Wed_Mar__6_22_20_00_2024
593,No Diri,Pitman,Low,Low,0.9752475,0.9471154,0.9609756,Fri_Mar__8_08_32_14_2024
594,No Diri,Pitman,Low,Low,0.9704433,0.9471154,0.9586375,Mon_Feb_12_10_12_43_2024
595,No Diri,Pitman,Low,Low,0.985,0.9471154,0.9656863,Wed_Mar__6_22_20_24_2024
596,No Diri,Pitman,Low,Low,0.9656863,0.9471154,0.9563107,Fri_Mar__8_16_57_18_2024
597,No Diri,Pitman,Low,Low,0.9752475,0.9471154,0.9609756,Wed_Mar__6_22_20_36_2024
598,No Diri,Pitman,Low,Low,0.9704433,0.9471154,0.9586375,Wed_Mar_13_00_49_26_2024
599,No Diri,Pitman,Low,Low,0.9705882,0.9519231,0.961165,Thu_Mar_14_18_17_15_2024
600,No Diri,Pitman,Medium,High,0.9776675,0.7289547,0.8351881,Fri_Mar__8_09_02_03_2024
601,No Diri,Pitman,Medium,High,0.9777503,0.7317299,0.837037,Wed_Mar__6_22_20_36_2024
602,No Diri,Pitman,Medium,High,0.9759556,0.7321924,0.8366808,Mon_Feb_12_10_12_55_2024
603,No Diri,Pitman,Medium,High,0.9783013,0.7298797,0.8360265,Fri_Mar__8_08_32_36_2024
604,No Diri,Pitman,Medium,High,0.9770756,0.7294172,0.8352754,Wed_Mar__6_22_20_17_2024
605,No Diri,Pitman,Medium,High,0.9752781,0.7298797,0.8349206,Fri_Mar__8_16_57_40_2024
606,No Diri,Pitman,Medium,High,0.9838208,0.7312673,0.8389493,Wed_Mar__6_22_20_47_2024
607,No Diri,Pitman,Medium,High,0.9807573,0.7308048,0.8375298,Wed_Mar_13_00_49_49_2024
608,No Diri,Pitman,Medium,High,0.9801858,0.7321924,0.8382314,Wed_Mar__6_22_20_54_2024
609,No Diri,Pitman,Medium,High,0.9802469,0.7345051,0.8397673,Thu_Mar_14_18_17_51_2024
610,No Diri,Pitman,Medium,Low,0.9946783,0.9558345,0.9748696,Wed_Mar__6_22_20_06_2024
611,No Diri,Pitman,Medium,Low,0.9961259,0.9562994,0.9758065,Fri_Mar__8_09_01_48_2024
612,No Diri,Pitman,Medium,Low,0.9956459,0.9567643,0.9758179,Fri_Mar__8_08_32_16_2024
613,No Diri,Pitman,Medium,Low,0.9961259,0.9562994,0.9758065,Mon_Feb_12_10_12_43_2024
614,No Diri,Pitman,Medium,Low,0.9961297,0.9572292,0.9762921,Wed_Mar__6_22_20_03_2024
615,No Diri,Pitman,Medium,Low,0.9966134,0.9576941,0.9767662,Fri_Mar__8_16_57_21_2024
616,No Diri,Pitman,Medium,Low,0.9961334,0.958159,0.9767773,Wed_Mar__6_22_20_27_2024
617,No Diri,Pitman,Medium,Low,0.9961259,0.9562994,0.9758065,Wed_Mar__6_22_20_39_2024
618,No Diri,Pitman,Medium,Low,0.9961371,0.9590888,0.977262,Wed_Mar_13_00_49_30_2024
619,No Diri,Pitman,Medium,Low,0.996124,0.9558345,0.9755635,Fri_Mar__8_08_49_11_2024
620,No Diri,Pitman,Very High,High,0.9955239,0.8013077,0.8879196,Wed_Mar__6_22_20_51_2024
621,No Diri,Pitman,Very High,High,0.9968699,0.807446,0.8922147,Fri_Mar__8_09_02_10_2024
622,No Diri,Pitman,Very High,High,0.9952034,0.802909,0.888774,Fri_Mar__8_08_32_45_2024
623,No Diri,Pitman,Very High,High,0.9970233,0.8045103,0.8904808,Wed_Mar__6_22_20_24_2024
624,No Diri,Pitman,Very High,High,0.9963552,0.8025087,0.8889874,Mon_Feb_12_10_12_58_2024
625,No Diri,Pitman,Very High,High,0.9950372,0.8026421,0.8885442,Wed_Mar__6_22_20_57_2024
626,No Diri,Pitman,Very High,High,0.9976736,0.8011743,0.8886915,Fri_Mar__8_16_57_50_2024
627,No Diri,Pitman,Very High,High,0.996366,0.8049106,0.8904635,Thu_Mar_14_18_18_04_2024
628,No Diri,Pitman,Very High,High,0.9981709,0.8010408,0.8888066,Wed_Mar_13_00_49_57_2024
629,No Diri,Pitman,Very High,High,0.9960239,0.8022418,0.8886918,Wed_Mar__6_22_21_01_2024
630,No Diri,Pitman,Very High,Low,1.0,0.9542301,0.976579,Wed_Mar__6_22_20_21_2024
631,No Diri,Pitman,Very High,Low,0.9994407,0.9538297,0.9761027,Fri_Mar__8_09_01_55_2024
632,No Diri,Pitman,Very High,Low,0.999441,0.9542301,0.9763124,Fri_Mar__8_08_32_26_2024
633,No Diri,Pitman,Very High,Low,1.0,0.9542301,0.976579,Wed_Mar__6_22_20_10_2024
634,No Diri,Pitman,Very High,Low,1.0,0.9550307,0.9769982,Mon_Feb_12_10_12_45_2024
635,No Diri,Pitman,Very High,Low,1.0,0.9538297,0.9763693,Wed_Mar__6_22_20_38_2024
636,No Diri,Pitman,Very High,Low,0.9994407,0.9538297,0.9761027,Fri_Mar__8_16_57_31_2024
637,No Diri,Pitman,Very High,Low,1.0,0.9546304,0.9767886,Wed_Mar__6_22_20_46_2024
638,No Diri,Pitman,Very High,Low,1.0,0.9538297,0.9763693,Thu_Mar_14_18_17_36_2024
639,No Diri,Pitman,Very High,Low,1.0,0.9538297,0.9763693,Fri_Mar__8_08_49_15_2024
640,No Diri,Uniform,High,High,0.9988132,0.6356495,0.7768854,Wed_Mar__6_21_54_40_2024
641,No Diri,Uniform,High,High,0.9988171,0.6377644,0.7784641,Sat_Mar__9_00_30_40_2024
642,No Diri,Uniform,High,High,0.999055,0.6388218,0.7793237,Wed_Mar__6_21_54_57_2024
643,No Diri,Uniform,High,High,0.9985762,0.6356495,0.7768137,Tue_Feb_20_14_58_21_2024
644,No Diri,Uniform,High,High,0.9988149,0.6365559,0.7775625,Fri_Mar__8_21_52_39_2024
645,No Diri,Uniform,High,High,0.9988149,0.6365559,0.7775625,Wed_Mar__6_22_24_08_2024
646,No Diri,Uniform,High,High,0.9988252,0.642145,0.7817212,Fri_Mar__8_22_42_42_2024
647,No Diri,Uniform,High,High,0.9988166,0.6374622,0.7782388,Wed_Mar__6_22_24_39_2024
648,No Diri,Uniform,High,High,0.9990521,0.636858,0.7778598,Wed_Mar_13_00_40_24_2024
649,No Diri,Uniform,High,High,0.9988166,0.6374622,0.7782388,Wed_Mar__6_22_24_39_2024
650,No Diri,Uniform,High,Low,1.0,0.9494322,0.9740603,Sat_Mar__9_00_30_25_2024
651,No Diri,Uniform,High,Low,1.0,0.949735,0.9742196,Wed_Mar__6_21_54_25_2024
652,No Diri,Uniform,High,Low,1.0,0.9486752,0.9736617,Fri_Mar__8_21_52_28_2024
653,No Diri,Uniform,High,Low,1.0,0.9488266,0.9737415,Mon_Feb_12_10_06_58_2024
654,No Diri,Uniform,High,Low,1.0,0.9498864,0.9742992,Wed_Mar__6_21_54_42_2024
655,No Diri,Uniform,High,Low,1.0,0.9495836,0.9741399,Wed_Mar__6_22_23_55_2024
656,No Diri,Uniform,High,Low,1.0,0.9501893,0.9744585,Fri_Mar__8_22_42_24_2024
657,No Diri,Uniform,High,Low,1.0,0.948978,0.9738212,Wed_Mar_13_00_39_30_2024
658,No Diri,Uniform,High,Low,1.0,0.9501893,0.9744585,Wed_Mar__6_22_24_11_2024
659,No Diri,Uniform,High,Low,1.0,0.9494322,0.9740603,Sat_Mar__9_00_30_25_2024
660,No Diri,Uniform,Low,High,0.2778702,0.7990431,0.4123457,Wed_Mar__6_21_54_33_2024
661,No Diri,Uniform,Low,High,0.2830508,0.7990431,0.4180225,Sat_Mar__9_00_30_32_2024
662,No Diri,Uniform,Low,High,0.2760331,0.7990431,0.4103194,Wed_Mar__6_21_54_49_2024
663,No Diri,Uniform,Low,High,0.2760331,0.7990431,0.4103194,Fri_Mar__8_21_52_37_2024
664,No Diri,Uniform,Low,High,0.2781457,0.8038278,0.4132841,Tue_Feb_20_14_58_17_2024
665,No Diri,Uniform,Low,High,0.2899306,0.7990431,0.4254777,Wed_Mar__6_22_24_02_2024
666,No Diri,Uniform,Low,High,0.2760331,0.7990431,0.4103194,Fri_Mar__8_22_42_30_2024
667,No Diri,Uniform,Low,High,0.2835314,0.7990431,0.4185464,Wed_Mar__6_22_24_27_2024
668,No Diri,Uniform,Low,High,0.2760331,0.7990431,0.4103194,Fri_Mar__8_22_42_30_2024
669,No Diri,Uniform,Low,High,0.2835314,0.7990431,0.4185464,Wed_Mar__6_22_24_27_2024
670,No Diri,Uniform,Low,Low,0.28125,0.9519231,0.4342105,Sat_Mar__9_00_30_19_2024
671,No Diri,Uniform,Low,Low,0.2824536,0.9519231,0.4356436,Wed_Mar__6_21_54_20_2024
672,No Diri,Uniform,Low,Low,0.2840746,0.9519231,0.4375691,Wed_Mar__6_21_54_34_2024
673,No Diri,Uniform,Low,Low,0.2832618,0.9519231,0.4366042,Fri_Mar__8_21_52_22_2024
674,No Diri,Uniform,Low,Low,0.2788732,0.9519231,0.4313725,Mon_Feb_19_22_28_23_2024
675,No Diri,Uniform,Low,Low,0.2920354,0.9519231,0.4469526,Fri_Mar__8_22_42_19_2024
676,No Diri,Uniform,Low,Low,0.2824536,0.9519231,0.4356436,Wed_Mar__6_22_23_49_2024
677,No Diri,Uniform,Low,Low,0.2857143,0.9519231,0.4395117,Wed_Mar__6_22_24_06_2024
678,No Diri,Uniform,Low,Low,0.2765363,0.9519231,0.4285714,Wed_Mar_13_00_39_15_2024
679,No Diri,Uniform,Low,Low,0.2857143,0.9519231,0.4395117,Wed_Mar__6_22_24_06_2024
680,No Diri,Uniform,Medium,High,0.9731051,0.7363552,0.838336,Wed_Mar__6_21_54_37_2024
681,No Diri,Uniform,Medium,High,0.9784748,0.7358927,0.8400211,Sat_Mar__9_00_30_36_2024
682,No Diri,Uniform,Medium,High,0.9730722,0.7354302,0.8377239,Fri_Mar__8_21_52_41_2024
683,No Diri,Uniform,Medium,High,0.9760883,0.7363552,0.8394411,Tue_Feb_20_14_58_18_2024
684,No Diri,Uniform,Medium,High,0.9754752,0.7358927,0.8389138,Wed_Mar__6_21_54_53_2024
685,No Diri,Uniform,Medium,High,0.9737965,0.7391304,0.8403892,Wed_Mar__6_22_24_04_2024
686,No Diri,Uniform,Medium,High,0.9767157,0.7372803,0.8402741,Fri_Mar__8_22_42_38_2024
687,No Diri,Uniform,Medium,High,0.9748775,0.7358927,0.8386927,Wed_Mar__6_22_24_33_2024
688,No Diri,Uniform,Medium,High,0.9748775,0.7358927,0.8386927,Wed_Mar__6_22_24_33_2024
689,No Diri,Uniform,Medium,High,0.9767157,0.7372803,0.8402741,Fri_Mar__8_22_42_38_2024
690,No Diri,Uniform,Medium,Low,0.993253,0.958159,0.9753904,Wed_Mar__6_21_54_22_2024
691,No Diri,Uniform,Medium,Low,0.9922481,0.9521153,0.9717675,Sat_Mar__9_00_30_22_2024
692,No Diri,Uniform,Medium,Low,0.9922368,0.9507206,0.9710351,Fri_Mar__8_21_52_26_2024
693,No Diri,Uniform,Medium,Low,0.9936924,0.9521153,0.9724596,Wed_Mar__6_21_54_36_2024
694,No Diri,Uniform,Medium,Low,0.9932138,0.9525802,0.9724727,Mon_Feb_12_10_06_54_2024
695,No Diri,Uniform,Medium,Low,0.9898698,0.9539749,0.9715909,Fri_Mar__8_22_42_21_2024
696,No Diri,Uniform,Medium,Low,0.9922556,0.9530451,0.9722552,Wed_Mar__6_22_23_51_2024
697,No Diri,Uniform,Medium,Low,0.9946628,0.9530451,0.9734093,Wed_Mar_13_00_39_26_2024
698,No Diri,Uniform,Medium,Low,0.9922556,0.9530451,0.9722552,Wed_Mar__6_22_24_10_2024
699,No Diri,Uniform,Medium,Low,0.9922556,0.9530451,0.9722552,Wed_Mar__6_22_24_10_2024
700,No Diri,Uniform,Very High,High,0.9993444,0.6102215,0.7577465,Sat_Mar__9_00_30_43_2024
701,No Diri,Uniform,Very High,High,0.9997813,0.6100881,0.7577691,Wed_Mar__6_21_54_44_2024
702,No Diri,Uniform,Very High,High,0.9986959,0.6131572,0.7598181,Wed_Mar__6_21_54_55_2024
703,No Diri,Uniform,Very High,High,0.9995621,0.609154,0.7569853,Fri_Mar__8_21_52_47_2024
704,No Diri,Uniform,Very High,High,0.9993474,0.6130238,0.7599041,Tue_Feb_20_14_58_25_2024
705,No Diri,Uniform,Very High,High,0.9995631,0.6106218,0.758118,Wed_Mar__6_22_24_11_2024
706,No Diri,Uniform,Very High,High,0.9995645,0.61249,0.7595565,Fri_Mar__8_22_42_46_2024
707,No Diri,Uniform,Very High,High,0.999346,0.6116894,0.7588776,Wed_Mar_13_00_40_46_2024
708,No Diri,Uniform,Very High,High,0.9993455,0.611289,0.7585693,Wed_Mar__6_22_24_45_2024
709,No Diri,Uniform,Very High,High,0.9993455,0.611289,0.7585693,Wed_Mar__6_22_24_45_2024
710,No Diri,Uniform,Very High,Low,1.0,0.9527622,0.9758098,Sat_Mar__9_00_30_28_2024
711,No Diri,Uniform,Very High,Low,1.0,0.9518281,0.9753196,Wed_Mar__6_21_54_30_2024
712,No Diri,Uniform,Very High,Low,1.0,0.9527622,0.9758098,Fri_Mar__8_21_52_29_2024
713,No Diri,Uniform,Very High,Low,1.0,0.9530291,0.9759497,Mon_Feb_12_10_06_59_2024
714,No Diri,Uniform,Very High,Low,1.0,0.9539632,0.9764393,Wed_Mar__6_21_54_40_2024
715,No Diri,Uniform,Very High,Low,1.0,0.9522284,0.9755297,Wed_Mar__6_22_23_57_2024
716,No Diri,Uniform,Very High,Low,1.0,0.9534294,0.9761596,Fri_Mar__8_22_42_30_2024
717,No Diri,Uniform,Very High,Low,1.0,0.9519616,0.9753897,Wed_Mar__6_22_24_14_2024
718,No Diri,Uniform,Very High,Low,1.0,0.9539632,0.9764393,Wed_Mar_13_00_39_58_2024
719,No Diri,Uniform,Very High,Low,1.0,0.9519616,0.9753897,Wed_Mar__6_22_24_14_2024
720,No Empiri,BNBD4,High,High,0.9965322,0.8247734,0.9025539,Fri_Mar__8_14_25_23_2024
721,No Empiri,BNBD4,High,High,0.9959781,0.8229607,0.9012407,Wed_Mar__6_22_23_23_2024
722,No Empiri,BNBD4,High,High,0.9950712,0.8234139,0.9011407,Fri_Mar__8_06_39_11_2024
723,No Empiri,BNBD4,High,High,0.9956443,0.8287009,0.9045342,Mon_Feb_19_22_37_48_2024
724,No Empiri,BNBD4,High,High,0.9965322,0.8247734,0.9025539,Wed_Mar__6_22_23_05_2024
725,No Empiri,BNBD4,High,High,0.9978046,0.8238671,0.9025319,Sun_Mar_10_04_23_04_2024
726,No Empiri,BNBD4,High,High,0.9938238,0.826435,0.902433,Fri_Mar__8_10_51_09_2024
727,No Empiri,BNBD4,High,High,0.9959685,0.820997,0.900058,Wed_Mar_13_00_52_30_2024
728,No Empiri,BNBD4,High,High,0.9967129,0.8244713,0.9024471,Fri_Mar__8_04_02_32_2024
729,No Empiri,BNBD4,High,High,0.9963669,0.8285498,0.9047423,Wed_Mar__6_22_23_09_2024
730,No Empiri,BNBD4,High,Low,1.0,0.9514005,0.975095,Wed_Mar__6_22_22_51_2024
731,No Empiri,BNBD4,High,Low,1.0,0.9510977,0.974936,Fri_Mar__8_14_25_09_2024
732,No Empiri,BNBD4,High,Low,1.0,0.9510977,0.974936,Wed_Mar__6_22_22_50_2024
733,No Empiri,BNBD4,High,Low,1.0,0.9514005,0.975095,Fri_Mar__8_06_38_56_2024
734,No Empiri,BNBD4,High,Low,1.0,0.9510977,0.974936,Mon_Feb_12_10_13_30_2024
735,No Empiri,BNBD4,High,Low,1.0,0.9506435,0.9746973,Fri_Mar__8_10_50_33_2024
736,No Empiri,BNBD4,High,Low,1.0,0.9515519,0.9751746,Wed_Mar__6_22_23_13_2024
737,No Empiri,BNBD4,High,Low,1.0,0.9514005,0.975095,Sun_Mar_10_04_22_42_2024
738,No Empiri,BNBD4,High,Low,0.9998408,0.9509463,0.9747808,Thu_Mar_14_11_41_29_2024
739,No Empiri,BNBD4,High,Low,1.0,0.9498864,0.9742992,Wed_Mar_13_00_52_16_2024
740,No Empiri,BNBD4,Low,High,0.9620253,0.7272727,0.8283379,Fri_Mar__8_14_25_16_2024
741,No Empiri,BNBD4,Low,High,0.9503106,0.7320574,0.827027,Wed_Mar__6_22_23_10_2024
742,No Empiri,BNBD4,Low,High,0.9496855,0.722488,0.8206522,Fri_Mar__8_06_39_03_2024
743,No Empiri,BNBD4,Low,High,0.95,0.7272727,0.8238482,Mon_Feb_19_22_37_38_2024
744,No Empiri,BNBD4,Low,High,0.9620253,0.7272727,0.8283379,Wed_Mar__6_22_22_55_2024
745,No Empiri,BNBD4,Low,High,0.94375,0.722488,0.8184282,Fri_Mar__8_10_50_52_2024
746,No Empiri,BNBD4,Low,High,0.9620253,0.7272727,0.8283379,Sun_Mar_10_04_22_55_2024
747,No Empiri,BNBD4,Low,High,0.9617834,0.722488,0.8251366,Wed_Mar__6_22_23_04_2024
748,No Empiri,BNBD4,Low,High,0.9617834,0.722488,0.8251366,Thu_Mar_14_11_41_37_2024
749,No Empiri,BNBD4,Low,High,0.9620253,0.7272727,0.8283379,Fri_Mar__8_04_02_25_2024
750,No Empiri,BNBD4,Low,Low,0.9851485,0.9567308,0.9707317,Wed_Mar__6_22_22_47_2024
751,No Empiri,BNBD4,Low,Low,0.9753695,0.9519231,0.9635036,Fri_Mar__8_14_25_04_2024
752,No Empiri,BNBD4,Low,Low,0.9753695,0.9519231,0.9635036,Mon_Feb_12_10_13_25_2024
753,No Empiri,BNBD4,Low,Low,0.9850746,0.9519231,0.9682152,Wed_Mar__6_22_22_44_2024
754,No Empiri,BNBD4,Low,Low,0.980198,0.9519231,0.9658537,Fri_Mar__8_06_38_48_2024
755,No Empiri,BNBD4,Low,Low,0.9753695,0.9519231,0.9635036,Wed_Mar__6_22_22_59_2024
756,No Empiri,BNBD4,Low,Low,0.9658537,0.9519231,0.9588378,Sun_Mar_10_04_22_36_2024
757,No Empiri,BNBD4,Low,Low,0.980198,0.9519231,0.9658537,Fri_Mar__8_10_50_23_2024
758,No Empiri,BNBD4,Low,Low,0.9753695,0.9519231,0.9635036,Wed_Mar_13_00_52_11_2024
759,No Empiri,BNBD4,Low,Low,0.980198,0.9519231,0.9658537,Fri_Mar__8_04_02_14_2024
760,No Empiri,BNBD4,Medium,High,0.9831776,0.7298797,0.837802,Wed_Mar__6_22_23_17_2024
761,No Empiri,BNBD4,Medium,High,0.978882,0.7289547,0.835631,Fri_Mar__8_14_25_19_2024
762,No Empiri,BNBD4,Medium,High,0.9775841,0.7261795,0.8333333,Fri_Mar__8_06_39_07_2024
763,No Empiri,BNBD4,Medium,High,0.9787765,0.7252544,0.8331562,Wed_Mar__6_22_23_02_2024
764,No Empiri,BNBD4,Medium,High,0.974423,0.7224792,0.8297477,Mon_Feb_19_22_37_43_2024
765,No Empiri,BNBD4,Medium,High,0.9793363,0.7234043,0.8321362,Sun_Mar_10_04_22_59_2024
766,No Empiri,BNBD4,Medium,High,0.9776119,0.7271045,0.8339523,Fri_Mar__8_10_51_00_2024
767,No Empiri,BNBD4,Medium,High,0.9806974,0.7284921,0.8359873,Thu_Mar_14_11_41_40_2024
768,No Empiri,BNBD4,Medium,High,0.9825,0.7271045,0.8357257,Wed_Mar__6_22_23_07_2024
769,No Empiri,BNBD4,Medium,High,0.9812265,0.7252544,0.8340426,Wed_Mar_13_00_52_23_2024
770,No Empiri,BNBD4,Medium,Low,0.9980573,0.9553696,0.976247,Fri_Mar__8_14_25_06_2024
771,No Empiri,BNBD4,Medium,Low,0.9975752,0.9562994,0.9765013,Wed_Mar__6_22_22_46_2024
772,No Empiri,BNBD4,Medium,Low,0.9975752,0.9562994,0.9765013,Fri_Mar__8_06_38_51_2024
773,No Empiri,BNBD4,Medium,Low,0.9961409,0.9600186,0.9777462,Mon_Feb_12_10_13_28_2024
774,No Empiri,BNBD4,Medium,Low,0.998063,0.958159,0.977704,Wed_Mar__6_22_22_48_2024
775,No Empiri,BNBD4,Medium,Low,0.9966036,0.9549047,0.9753086,Fri_Mar__8_10_50_29_2024
776,No Empiri,BNBD4,Medium,Low,0.99662,0.9595537,0.9777357,Sun_Mar_10_04_22_40_2024
777,No Empiri,BNBD4,Medium,Low,0.9975775,0.9572292,0.976987,Wed_Mar__6_22_23_07_2024
778,No Empiri,BNBD4,Medium,Low,0.9961353,0.9586239,0.9770197,Wed_Mar__6_22_22_57_2024
779,No Empiri,BNBD4,Medium,Low,0.9966134,0.9576941,0.9767662,Fri_Mar__8_04_02_16_2024
780,No Empiri,BNBD4,Very High,High,0.9977291,0.82079,0.9006516,Fri_Mar__8_14_25_26_2024
781,No Empiri,BNBD4,Very High,High,0.9970874,0.8222578,0.9012725,Wed_Mar__6_22_23_29_2024
782,No Empiri,BNBD4,Very High,High,0.9970798,0.8201228,0.8999854,Wed_Mar__6_22_23_08_2024
783,No Empiri,BNBD4,Very High,High,0.9967559,0.8199893,0.899773,Fri_Mar__8_06_39_14_2024
784,No Empiri,BNBD4,Very High,High,0.9966091,0.8235922,0.9018777,Mon_Feb_19_22_37_52_2024
785,No Empiri,BNBD4,Very High,High,0.9980608,0.824126,0.902792,Sun_Mar_10_04_23_09_2024
786,No Empiri,BNBD4,Very High,High,0.9975637,0.819589,0.8998608,Fri_Mar__8_10_51_14_2024
787,No Empiri,BNBD4,Very High,High,0.9964419,0.8221244,0.9009286,Wed_Mar__6_22_23_12_2024
788,No Empiri,BNBD4,Very High,High,0.9970963,0.8247932,0.902797,Fri_Mar__8_04_02_34_2024
789,No Empiri,BNBD4,Very High,High,0.9977287,0.8206565,0.9005711,Fri_Mar_15_21_23_25_2024
790,No Empiri,BNBD4,Very High,Low,1.0,0.9538297,0.9763693,Fri_Mar__8_14_25_11_2024
791,No Empiri,BNBD4,Very High,Low,1.0,0.9538297,0.9763693,Wed_Mar__6_22_23_03_2024
792,No Empiri,BNBD4,Very High,Low,1.0,0.9538297,0.9763693,Mon_Feb_12_10_13_36_2024
793,No Empiri,BNBD4,Very High,Low,1.0,0.9538297,0.9763693,Wed_Mar__6_22_22_54_2024
794,No Empiri,BNBD4,Very High,Low,1.0,0.9534294,0.9761596,Fri_Mar__8_06_38_59_2024
795,No Empiri,BNBD4,Very High,Low,1.0,0.9542301,0.976579,Fri_Mar__8_10_50_37_2024
796,No Empiri,BNBD4,Very High,Low,1.0,0.9542301,0.976579,Wed_Mar__6_22_23_08_2024
797,No Empiri,BNBD4,Very High,Low,1.0,0.9530291,0.9759497,Sun_Mar_10_04_22_51_2024
798,No Empiri,BNBD4,Very High,Low,1.0,0.9534294,0.9761596,Wed_Mar__6_22_23_02_2024
799,No Empiri,BNBD4,Very High,Low,1.0,0.9542301,0.976579,Fri_Mar_15_21_23_10_2024
800,No Empiri,Pitman,High,High,0.993079,0.8886707,0.9379783,Wed_Mar__6_21_57_44_2024
801,No Empiri,Pitman,High,High,0.9939292,0.8903323,0.9392829,Fri_Mar__8_22_54_14_2024
802,No Empiri,Pitman,High,High,0.9935811,0.8885196,0.938118,Mon_Feb_12_10_08_10_2024
803,No Empiri,Pitman,High,High,0.9964449,0.8891239,0.9397302,Wed_Mar__6_21_57_44_2024
804,No Empiri,Pitman,High,High,0.9914011,0.8882175,0.9369771,Fri_Mar__8_13_57_26_2024
805,No Empiri,Pitman,High,High,0.9949324,0.8897281,0.9393939,Wed_Mar__6_22_25_57_2024
806,No Empiri,Pitman,High,High,0.9935876,0.889426,0.9386259,Fri_Mar__8_14_37_25_2024
807,No Empiri,Pitman,High,High,0.9927609,0.8907855,0.9390127,Wed_Mar_13_00_42_35_2024
808,No Empiri,Pitman,High,High,0.9954261,0.8876133,0.9384333,Thu_Mar__7_21_00_02_2024
809,No Empiri,Pitman,High,High,0.9942587,0.889426,0.9389252,Wed_Mar__6_22_25_54_2024
810,No Empiri,Pitman,High,Low,1.0,0.9523089,0.9755719,Wed_Mar__6_21_57_23_2024
811,No Empiri,Pitman,High,Low,1.0,0.9510977,0.974936,Fri_Mar__8_22_53_25_2024
812,No Empiri,Pitman,High,Low,1.0,0.9507949,0.9747769,Mon_Feb_12_10_07_58_2024
813,No Empiri,Pitman,High,Low,1.0,0.9507949,0.9747769,Wed_Mar__6_21_57_25_2024
814,No Empiri,Pitman,High,Low,1.0,0.9515519,0.9751746,Fri_Mar__8_13_57_05_2024
815,No Empiri,Pitman,High,Low,1.0,0.9509463,0.9748564,Wed_Mar__6_22_25_36_2024
816,No Empiri,Pitman,High,Low,1.0,0.9515519,0.9751746,Fri_Mar__8_14_37_08_2024
817,No Empiri,Pitman,High,Low,1.0,0.9526117,0.9757308,Wed_Mar__6_22_25_42_2024
818,No Empiri,Pitman,High,Low,1.0,0.9521575,0.9754925,Wed_Mar_13_00_42_23_2024
819,No Empiri,Pitman,High,Low,1.0,0.9520061,0.975413,Thu_Mar__7_20_59_42_2024
820,No Empiri,Pitman,Low,High,0.5192878,0.8373206,0.6410256,Wed_Mar__6_21_57_34_2024
821,No Empiri,Pitman,Low,High,0.5225225,0.8325359,0.6420664,Fri_Mar__8_22_54_08_2024
822,No Empiri,Pitman,Low,High,0.5208333,0.8373206,0.6422018,Wed_Mar__6_21_57_34_2024
823,No Empiri,Pitman,Low,High,0.5221239,0.84689,0.6459854,Mon_Feb_12_10_08_04_2024
824,No Empiri,Pitman,Low,High,0.5315315,0.84689,0.6531365,Fri_Mar__8_13_57_08_2024
825,No Empiri,Pitman,Low,High,0.5208333,0.8373206,0.6422018,Fri_Mar__8_14_37_17_2024
826,No Empiri,Pitman,Low,High,0.5460123,0.8516746,0.6654206,Wed_Mar__6_22_25_47_2024
827,No Empiri,Pitman,Low,High,0.5272727,0.8325359,0.6456401,Thu_Mar_14_18_04_11_2024
828,No Empiri,Pitman,Low,High,0.5465839,0.8421053,0.6629002,Wed_Mar__6_22_25_48_2024
829,No Empiri,Pitman,Low,High,0.5226586,0.8277512,0.6407407,Thu_Mar__7_20_59_55_2024
830,No Empiri,Pitman,Low,Low,0.9754902,0.9567308,0.9660194,Wed_Mar__6_21_57_16_2024
831,No Empiri,Pitman,Low,Low,0.9705882,0.9519231,0.961165,Fri_Mar__8_22_53_12_2024
832,No Empiri,Pitman,Low,Low,0.980198,0.9519231,0.9658537,Wed_Mar__6_21_57_20_2024
833,No Empiri,Pitman,Low,Low,0.9850746,0.9519231,0.9682152,Fri_Mar__8_13_57_00_2024
834,No Empiri,Pitman,Low,Low,0.9660194,0.9567308,0.9613527,Mon_Feb_12_10_07_51_2024
835,No Empiri,Pitman,Low,Low,0.9658537,0.9519231,0.9588378,Wed_Mar__6_22_25_28_2024
836,No Empiri,Pitman,Low,Low,0.9660194,0.9567308,0.9613527,Fri_Mar__8_14_37_04_2024
837,No Empiri,Pitman,Low,Low,0.9613527,0.9567308,0.9590361,Thu_Mar__7_20_59_24_2024
838,No Empiri,Pitman,Low,Low,0.9658537,0.9519231,0.9588378,Thu_Mar_14_18_03_50_2024
839,No Empiri,Pitman,Low,Low,0.9708738,0.9615385,0.9661836,Wed_Mar_13_00_42_17_2024
840,No Empiri,Pitman,Medium,High,0.9405594,0.8709528,0.9044188,Fri_Mar__8_22_54_23_2024
841,No Empiri,Pitman,Medium,High,0.942298,0.8686401,0.9039711,Wed_Mar__6_21_57_39_2024
842,No Empiri,Pitman,Medium,High,0.9461229,0.8691027,0.9059788,Wed_Mar__6_21_57_40_2024
843,No Empiri,Pitman,Medium,High,0.9312562,0.8709528,0.9000956,Mon_Feb_12_10_08_08_2024
844,No Empiri,Pitman,Medium,High,0.9451986,0.8695652,0.9058058,Fri_Mar__8_13_57_21_2024
845,No Empiri,Pitman,Medium,High,0.940321,0.8672525,0.9023099,Fri_Mar__8_14_37_21_2024
846,No Empiri,Pitman,Medium,High,0.9385307,0.8686401,0.902234,Wed_Mar__6_22_25_52_2024
847,No Empiri,Pitman,Medium,High,0.9495459,0.8704903,0.9083012,Wed_Mar__6_22_25_51_2024
848,No Empiri,Pitman,Medium,High,0.93778,0.8714154,0.9033805,Thu_Mar_14_18_04_15_2024
849,No Empiri,Pitman,Medium,High,0.942327,0.8691027,0.9042348,Wed_Mar_13_00_42_32_2024
850,No Empiri,Pitman,Medium,Low,0.9932918,0.9637378,0.9782916,Wed_Mar__6_21_57_19_2024
851,No Empiri,Pitman,Medium,Low,0.9951992,0.9637378,0.9792159,Fri_Mar__8_22_53_14_2024
852,No Empiri,Pitman,Medium,Low,0.9947166,0.962808,0.9785022,Wed_Mar__6_21_57_24_2024
853,No Empiri,Pitman,Medium,Low,0.99519,0.9618782,0.9782506,Mon_Feb_12_10_07_55_2024
854,No Empiri,Pitman,Medium,Low,0.9971112,0.962808,0.9796594,Fri_Mar__8_13_57_02_2024
855,No Empiri,Pitman,Medium,Low,0.9927954,0.9609484,0.9766123,Wed_Mar__6_22_25_31_2024
856,No Empiri,Pitman,Medium,Low,0.995671,0.9623431,0.9787234,Fri_Mar__8_14_37_05_2024
857,No Empiri,Pitman,Medium,Low,0.9942363,0.9623431,0.9780298,Wed_Mar__6_22_25_39_2024
858,No Empiri,Pitman,Medium,Low,0.9942418,0.9632729,0.9785124,Thu_Mar_14_18_03_55_2024
859,No Empiri,Pitman,Medium,Low,0.9956731,0.962808,0.9789648,Wed_Mar_13_00_42_18_2024
860,No Empiri,Pitman,Very High,High,0.9954511,0.8760342,0.9319327,Wed_Mar__6_21_57_49_2024
861,No Empiri,Pitman,Very High,High,0.9927624,0.8785695,0.9321818,Fri_Mar__8_22_54_24_2024
862,No Empiri,Pitman,Very High,High,0.9929024,0.8773686,0.931567,Wed_Mar__6_21_57_48_2024
863,No Empiri,Pitman,Very High,High,0.9933555,0.8777689,0.9319921,Fri_Mar__8_13_57_30_2024
864,No Empiri,Pitman,Very High,High,0.9922879,0.8756338,0.9303183,Mon_Feb_12_10_08_14_2024
865,No Empiri,Pitman,Very High,High,0.9951662,0.8791033,0.9335412,Fri_Mar__8_14_37_29_2024
866,No Empiri,Pitman,Very High,High,0.9933515,0.8772351,0.9316893,Wed_Mar__6_22_26_02_2024
867,No Empiri,Pitman,Very High,High,0.9928992,0.8769682,0.9313399,Thu_Mar__7_21_00_03_2024
868,No Empiri,Pitman,Very High,High,0.9930366,0.875367,0.9304965,Wed_Mar_13_00_42_37_2024
869,No Empiri,Pitman,Very High,High,0.9927449,0.8764345,0.9309709,Wed_Mar__6_22_25_56_2024
870,No Empiri,Pitman,Very High,Low,1.0,0.9551641,0.977068,Fri_Mar__8_22_53_56_2024
871,No Empiri,Pitman,Very High,Low,1.0,0.9540966,0.9765092,Wed_Mar__6_21_57_26_2024
872,No Empiri,Pitman,Very High,Low,0.9994415,0.9551641,0.9768013,Fri_Mar__8_13_57_11_2024
873,No Empiri,Pitman,Very High,Low,1.0,0.9552976,0.9771378,Wed_Mar__6_21_57_31_2024
874,No Empiri,Pitman,Very High,Low,1.0,0.9544969,0.9767188,Mon_Feb_12_10_08_01_2024
875,No Empiri,Pitman,Very High,Low,1.0,0.9547638,0.9768585,Fri_Mar__8_14_37_11_2024
876,No Empiri,Pitman,Very High,Low,1.0,0.9540966,0.9765092,Wed_Mar__6_22_25_36_2024
877,No Empiri,Pitman,Very High,Low,1.0,0.9542301,0.976579,Thu_Mar_14_18_04_06_2024
878,No Empiri,Pitman,Very High,Low,1.0,0.9556979,0.9773472,Thu_Mar__7_20_59_51_2024
879,No Empiri,Pitman,Very High,Low,1.0,0.9536963,0.9762994,Wed_Mar__6_22_25_44_2024
880,No Empiri,Uniform,High,High,0.997821,0.8300604,0.9062423,Wed_Mar__6_22_02_02_2024
881,No Empiri,Uniform,High,High,0.9974587,0.8300604,0.9060928,Thu_Mar__7_23_54_38_2024
882,No Empiri,Uniform,High,High,0.9972772,0.8299094,0.9059279,Wed_Mar__6_22_02_17_2024
883,No Empiri,Uniform,High,High,0.997819,0.8293051,0.9057911,Fri_Mar__8_04_16_56_2024
884,No Empiri,Uniform,High,High,0.9978166,0.8283988,0.9052493,Mon_Feb_12_10_10_44_2024
885,No Empiri,Uniform,High,High,0.9979949,0.8270393,0.9045102,Wed_Mar__6_22_28_02_2024
886,No Empiri,Uniform,High,High,0.9967177,0.8256798,0.9031725,Thu_Mar__7_15_03_55_2024
887,No Empiri,Uniform,High,High,0.9978186,0.8291541,0.9057008,Thu_Mar__7_15_04_02_2024
888,No Empiri,Uniform,High,High,0.9978126,0.8268882,0.904345,Thu_Mar_14_15_17_28_2024
889,No Empiri,Uniform,High,High,0.9980036,0.8306647,0.9066777,Wed_Mar_13_00_47_34_2024
890,No Empiri,Uniform,High,Low,1.0,0.9485238,0.973582,Thu_Mar__7_23_54_22_2024
891,No Empiri,Uniform,High,Low,1.0,0.9504921,0.9746177,Wed_Mar__6_22_01_46_2024
892,No Empiri,Uniform,High,Low,1.0,0.9485238,0.973582,Mon_Feb_12_10_10_33_2024
893,No Empiri,Uniform,High,Low,1.0,0.9492808,0.9739806,Wed_Mar__6_22_01_57_2024
894,No Empiri,Uniform,High,Low,1.0,0.9486752,0.9736617,Fri_Mar__8_04_16_41_2024
895,No Empiri,Uniform,High,Low,1.0,0.9501893,0.9744585,Thu_Mar__7_15_03_42_2024
896,No Empiri,Uniform,High,Low,1.0,0.9507949,0.9747769,Wed_Mar__6_22_27_47_2024
897,No Empiri,Uniform,High,Low,1.0,0.9498864,0.9742992,Wed_Mar_13_00_47_21_2024
898,No Empiri,Uniform,High,Low,1.0,0.948978,0.9738212,Sat_Mar_16_01_31_02_2024
899,No Empiri,Uniform,High,Low,1.0,0.9504921,0.9746177,Wed_Mar__6_22_28_15_2024
900,No Empiri,Uniform,Low,High,0.1745868,0.8086124,0.2871708,Thu_Mar__7_23_54_28_2024
901,No Empiri,Uniform,Low,High,0.1726619,0.8038278,0.284264,Wed_Mar__6_22_01_51_2024
902,No Empiri,Uniform,Low,High,0.1726619,0.8038278,0.284264,Wed_Mar__6_22_02_07_2024
903,No Empiri,Uniform,Low,High,0.1707317,0.8038278,0.2816429,Mon_Feb_12_10_10_39_2024
904,No Empiri,Uniform,Low,High,0.1707317,0.8038278,0.2816429,Fri_Mar__8_04_16_48_2024
905,No Empiri,Uniform,Low,High,0.1733333,0.8086124,0.285473,Wed_Mar__6_22_27_55_2024
906,No Empiri,Uniform,Low,High,0.1731557,0.8086124,0.2852321,Thu_Mar__7_15_03_48_2024
907,No Empiri,Uniform,Low,High,0.1736896,0.8086124,0.285956,Thu_Mar_14_15_17_19_2024
908,No Empiri,Uniform,Low,High,0.1720978,0.8086124,0.2837951,Wed_Mar__6_22_28_18_2024
909,No Empiri,Uniform,Low,High,0.1722732,0.8086124,0.2840336,Wed_Mar_13_00_47_29_2024
910,No Empiri,Uniform,Low,Low,0.1926428,0.9567308,0.3207091,Wed_Mar__6_22_01_42_2024
911,No Empiri,Uniform,Low,Low,0.1937683,0.9567308,0.3222672,Thu_Mar__7_23_54_18_2024
912,No Empiri,Uniform,Low,Low,0.1945259,0.9567308,0.3233144,Wed_Mar__6_22_01_50_2024
913,No Empiri,Uniform,Low,Low,0.1956735,0.9567308,0.324898,Mon_Feb_12_10_10_29_2024
914,No Empiri,Uniform,Low,Low,0.1932039,0.9567308,0.3214863,Fri_Mar__8_04_16_33_2024
915,No Empiri,Uniform,Low,Low,0.1924565,0.9567308,0.3204509,Thu_Mar__7_15_03_38_2024
916,No Empiri,Uniform,Low,Low,0.1935798,0.9567308,0.3220065,Wed_Mar__6_22_27_42_2024
917,No Empiri,Uniform,Low,Low,0.1958661,0.9567308,0.3251634,Sat_Mar_16_01_30_52_2024
918,No Empiri,Uniform,Low,Low,0.1941463,0.9567308,0.3227899,Wed_Mar_13_00_47_13_2024
919,No Empiri,Uniform,Low,Low,0.194907,0.9567308,0.3238405,Thu_Mar_14_15_17_01_2024
920,No Empiri,Uniform,Medium,High,0.9447368,0.8302498,0.8838011,Thu_Mar__7_23_54_34_2024
921,No Empiri,Uniform,Medium,High,0.948909,0.8246994,0.8824548,Wed_Mar__6_22_01_58_2024
922,No Empiri,Uniform,Medium,High,0.9433665,0.8320999,0.8842467,Fri_Mar__8_04_16_49_2024
923,No Empiri,Uniform,Medium,High,0.9440042,0.8265495,0.881381,Wed_Mar__6_22_02_12_2024
924,No Empiri,Uniform,Medium,High,0.9477573,0.8307123,0.8853833,Mon_Feb_12_10_10_41_2024
925,No Empiri,Uniform,Medium,High,0.9415789,0.8274746,0.8808469,Thu_Mar__7_15_03_52_2024
926,No Empiri,Uniform,Medium,High,0.9459173,0.8251619,0.8814229,Wed_Mar__6_22_27_58_2024
927,No Empiri,Uniform,Medium,High,0.9453001,0.8233117,0.8800989,Thu_Mar__7_15_04_00_2024
928,No Empiri,Uniform,Medium,High,0.9448568,0.8242368,0.8804348,Thu_Mar_14_15_17_24_2024
929,No Empiri,Uniform,Medium,High,0.9486501,0.8288622,0.8847198,Wed_Mar_13_00_47_32_2024
930,No Empiri,Uniform,Medium,Low,0.9946988,0.9595537,0.9768102,Wed_Mar__6_22_01_45_2024
931,No Empiri,Uniform,Medium,Low,0.9951667,0.9572292,0.9758294,Thu_Mar__7_23_54_21_2024
932,No Empiri,Uniform,Medium,Low,0.9951714,0.958159,0.9763145,Fri_Mar__8_04_16_38_2024
933,No Empiri,Uniform,Medium,Low,0.9956501,0.9576941,0.9763033,Wed_Mar__6_22_01_53_2024
934,No Empiri,Uniform,Medium,Low,0.9942141,0.9586239,0.9760947,Mon_Feb_12_10_10_31_2024
935,No Empiri,Uniform,Medium,Low,0.9946962,0.9590888,0.976568,Wed_Mar__6_22_27_43_2024
936,No Empiri,Uniform,Medium,Low,0.9951644,0.9567643,0.9755866,Thu_Mar__7_15_03_39_2024
937,No Empiri,Uniform,Medium,Low,0.9951714,0.958159,0.9763145,Thu_Mar_14_15_17_06_2024
938,No Empiri,Uniform,Medium,Low,0.9956606,0.9600186,0.9775148,Wed_Mar__6_22_28_11_2024
939,No Empiri,Uniform,Medium,Low,0.9946886,0.9576941,0.9758408,Wed_Mar_13_00_47_16_2024
940,No Empiri,Uniform,Very High,High,0.9998349,0.8082466,0.8938902,Thu_Mar__7_23_54_41_2024
941,No Empiri,Uniform,Very High,High,1.0,0.8079797,0.8937929,Wed_Mar__6_22_02_06_2024
942,No Empiri,Uniform,Very High,High,0.9998345,0.8063784,0.8927463,Wed_Mar__6_22_02_21_2024
943,No Empiri,Uniform,Very High,High,0.9998351,0.8091807,0.8944612,Fri_Mar__8_04_16_53_2024
944,No Empiri,Uniform,Very High,High,0.999835,0.8087804,0.8942166,Mon_Feb_12_10_10_45_2024
945,No Empiri,Uniform,Very High,High,1.0,0.8101148,0.8950977,Thu_Mar__7_15_03_58_2024
946,No Empiri,Uniform,Very High,High,0.9998352,0.8097144,0.8947873,Wed_Mar__6_22_28_05_2024
947,No Empiri,Uniform,Very High,High,1.0,0.8058447,0.892485,Thu_Mar_14_15_17_30_2024
948,No Empiri,Uniform,Very High,High,1.0,0.806245,0.8927305,Thu_Mar__7_15_04_04_2024
949,No Empiri,Uniform,Very High,High,1.0,0.8097144,0.8948533,Wed_Mar_13_00_47_40_2024
950,No Empiri,Uniform,Very High,Low,1.0,0.9524953,0.9756698,Thu_Mar__7_23_54_27_2024
951,No Empiri,Uniform,Very High,Low,1.0,0.9542301,0.976579,Wed_Mar__6_22_01_50_2024
952,No Empiri,Uniform,Very High,Low,1.0,0.9524953,0.9756698,Fri_Mar__8_04_16_40_2024
953,No Empiri,Uniform,Very High,Low,1.0,0.9538297,0.9763693,Wed_Mar__6_22_02_02_2024
954,No Empiri,Uniform,Very High,Low,1.0,0.9524953,0.9756698,Mon_Feb_12_10_10_37_2024
955,No Empiri,Uniform,Very High,Low,1.0,0.952095,0.9754597,Thu_Mar__7_15_03_46_2024
956,No Empiri,Uniform,Very High,Low,1.0,0.9530291,0.9759497,Wed_Mar__6_22_27_51_2024
957,No Empiri,Uniform,Very High,Low,1.0,0.9530291,0.9759497,Sat_Mar_16_01_31_07_2024
958,No Empiri,Uniform,Very High,Low,1.0,0.9528956,0.9758797,Thu_Mar_14_15_17_13_2024
959,No Empiri,Uniform,Very High,Low,1.0,0.9534294,0.9761596,Wed_Mar__6_22_28_17_2024
